topLeft_x,topLeft_y,bottomRight_x,bottomRight_y,POC,variance,mean,gradientH,gradientV,ratioGrad,sum,quarter1Var,quarter1Mean,quarter1GradH,quarter1GradV,quarter1RatioGrad,quarter1Sum,quarter2Var,quarter2Mean,quarter2GradH,quarter2GradV,quarter2RatioGrad,quarter2Sum,quarter3Var,quarter3Mean,quarter3GradH,quarter3GradV,quarter3RatioGrad,quarter3Sum,quarter4Var,quarter4Mean,quarter4GradH,quarter4GradV,quarter4RatioGrad,quarter4Sum,videoname,CU_width,CU_height
0.0,0.0,63.0,63.0,0.0,4191.008528709412,546.3525390625,16288.0,36576.0,0.4453193350831146,2237860.0,895.0214691162109,552.74609375,5792.0,16480.0,0.35145631067961164,566012.0,7575.380355834961,536.81640625,9088.0,42752.0,0.2125748502994012,549700.0,6627.025146484375,529.078125,63648.0,37312.0,1.7058319039451115,541776.0,-1.0,-1.0,-1.0,-1.0,-1.0,-1.0,BasketballPass,64,64
64.0,0.0,127.0,63.0,0.0,29533.17095565796,474.673828125,62784.0,4928.0,12.74025974025974,1944264.0,1383.9214935302734,559.98046875,63616.0,8800.0,7.2290909090909095,573420.0,48280.684509277344,366.0546875,61920.0,6080.0,10.18421052631579,374840.0,29821.206970214844,443.2421875,5536.0,3136.0,1.7653061224489797,453880.0,-1.0,-1.0,-1.0,-1.0,-1.0,-1.0,BasketballPass,64,64
128.0,0.0,191.0,63.0,0.0,1298.7455444335938,549.2734375,45536.0,54112.0,0.8415138971023063,2249824.0,2795.421630859375,551.484375,61824.0,53792.0,1.1493158834027364,564720.0,388.62644958496094,553.31640625,61952.0,61184.0,1.0125523012552302,566596.0,1558.542724609375,543.140625,55776.0,160.0,348.6,556176.0,-1.0,-1.0,-1.0,-1.0,-1.0,-1.0,BasketballPass,64,64
192.0,0.0,255.0,63.0,0.0,3294.5560913085938,499.8515625,58560.0,7648.0,7.656903765690377,2047392.0,6615.359375,521.625,1408.0,7936.0,0.1774193548387097,534144.0,450.038818359375,507.765625,60640.0,2368.0,25.60810810810811,519952.0,3596.226303100586,463.91015625,1568.0,50304.0,0.031170483460559797,475044.0,-1.0,-1.0,-1.0,-1.0,-1.0,-1.0,BasketballPass,64,64
256.0,0.0,319.0,63.0,0.0,11739.852385520935,479.5458984375,63712.0,61728.0,1.0321410057024365,1964220.0,11200.964218139648,551.30078125,224.0,58976.0,0.0037981551817688553,564532.0,13941.386474609375,431.859375,64640.0,21664.0,2.983751846381093,442224.0,11992.035629272461,459.05859375,2272.0,44448.0,0.051115910727141826,470076.0,-1.0,-1.0,-1.0,-1.0,-1.0,-1.0,BasketballPass,64,64
320.0,0.0,383.0,63.0,0.0,10230.154891967773,453.35546875,16992.0,8768.0,1.937956204379562,1856944.0,27439.1083984375,498.21875,58336.0,20128.0,2.898251192368839,510176.0,2946.3609466552734,435.23046875,45280.0,51040.0,0.8871473354231975,445676.0,2456.2499389648438,426.0078125,51360.0,13824.0,3.7152777777777777,436232.0,-1.0,-1.0,-1.0,-1.0,-1.0,-1.0,BasketballPass,64,64
0.0,64.0,63.0,127.0,0.0,13472.113669395447,410.1064453125,27904.0,41216.0,0.6770186335403726,1679796.0,22424.35496520996,420.06640625,40768.0,42560.0,0.9578947368421052,430148.0,9852.880615234375,408.296875,61696.0,59904.0,1.0299145299145298,418096.0,10071.735824584961,388.68359375,1056.0,50688.0,0.020833333333333332,398012.0,-1.0,-1.0,-1.0,-1.0,-1.0,-1.0,BasketballPass,64,64
64.0,64.0,127.0,127.0,0.0,21998.170226097107,430.3447265625,21696.0,47200.0,0.45966101694915257,1762692.0,26791.600326538086,449.03515625,36352.0,2144.0,16.955223880597014,459812.0,14663.927673339844,424.3671875,34208.0,5280.0,6.4787878787878785,434552.0,13514.844223022461,406.55859375,30816.0,49568.0,0.6216914138153647,416316.0,-1.0,-1.0,-1.0,-1.0,-1.0,-1.0,BasketballPass,64,64
128.0,64.0,191.0,127.0,0.0,1104.2317876815796,542.9326171875,46688.0,47968.0,0.9733155436957972,2223852.0,940.2664642333984,547.36328125,61472.0,64096.0,0.9590614078881677,560500.0,1252.4584350585938,542.1015625,60928.0,57760.0,1.054847645429363,555112.0,980.5693359375,534.15625,59104.0,54912.0,1.0763403263403264,546976.0,-1.0,-1.0,-1.0,-1.0,-1.0,-1.0,BasketballPass,64,64
192.0,64.0,255.0,127.0,0.0,3469.420925140381,501.603515625,10144.0,3040.0,3.336842105263158,2054568.0,469.69261169433594,504.77734375,2272.0,10176.0,0.22327044025157233,516892.0,9514.564880371094,497.2109375,9280.0,51456.0,0.18034825870646767,509144.0,544.7350921630859,493.78515625,2400.0,64192.0,0.03738783649052842,505636.0,-1.0,-1.0,-1.0,-1.0,-1.0,-1.0,BasketballPass,64,64
256.0,64.0,319.0,127.0,0.0,25538.122299194336,441.77734375,58784.0,59680.0,0.9849865951742627,1809520.0,19033.860778808594,474.6484375,63872.0,40448.0,1.5791139240506329,486040.0,27751.922302246094,457.5859375,58336.0,16864.0,3.4592030360531307,468568.0,23559.9783782959,387.73828125,63904.0,28288.0,2.259049773755656,397044.0,-1.0,-1.0,-1.0,-1.0,-1.0,-1.0,BasketballPass,64,64
320.0,64.0,383.0,127.0,0.0,2256.977352142334,453.736328125,14592.0,384.0,38.0,1858504.0,2015.988021850586,453.58984375,55328.0,1408.0,39.29545454545455,464476.0,2337.6517181396484,455.30078125,50976.0,352.0,144.8181818181818,466228.0,2059.3677825927734,452.60546875,54528.0,64640.0,0.8435643564356435,463468.0,-1.0,-1.0,-1.0,-1.0,-1.0,-1.0,BasketballPass,64,64
0.0,128.0,63.0,191.0,0.0,9791.183508872986,392.0888671875,8416.0,58336.0,0.1442676906198574,1605996.0,9465.357360839844,399.8671875,59008.0,15392.0,3.8336798336798337,409464.0,10923.34375,392.25,47840.0,54176.0,0.8830478440637921,401664.0,5678.917724609375,358.859375,54528.0,58592.0,0.9306389950846532,367472.0,-1.0,-1.0,-1.0,-1.0,-1.0,-1.0,BasketballPass,64,64
64.0,128.0,127.0,191.0,0.0,13932.713363647461,361.80859375,45408.0,34496.0,1.316326530612245,1481968.0,14791.2412109375,409.40625,33504.0,63168.0,0.5303951367781155,419232.0,12697.748397827148,328.57421875,22912.0,42048.0,0.5449010654490106,336460.0,8370.361801147461,331.19140625,22336.0,7360.0,3.034782608695652,339140.0,-1.0,-1.0,-1.0,-1.0,-1.0,-1.0,BasketballPass,64,64
128.0,128.0,191.0,191.0,0.0,2773.3283042907715,497.107421875,47552.0,31584.0,1.5055724417426546,2036152.0,1191.875228881836,538.84765625,59008.0,5248.0,11.24390243902439,551780.0,2074.497055053711,451.62109375,64128.0,18208.0,3.5219683655536027,462460.0,227.45774841308594,462.71484375,62240.0,63488.0,0.9803427419354839,473820.0,-1.0,-1.0,-1.0,-1.0,-1.0,-1.0,BasketballPass,64,64
192.0,128.0,255.0,191.0,0.0,1141.2587118148804,466.4912109375,64928.0,39488.0,1.6442463533225284,1910748.0,464.5849609375,492.59375,1856.0,62336.0,0.029774127310061602,504416.0,933.3979339599609,441.43359375,62176.0,39936.0,1.5568910256410255,452028.0,118.04319763183594,441.34765625,65344.0,2880.0,22.68888888888889,451940.0,-1.0,-1.0,-1.0,-1.0,-1.0,-1.0,BasketballPass,64,64
256.0,128.0,319.0,191.0,0.0,20564.686499595642,395.4951171875,62784.0,63424.0,0.9899091826437941,1619948.0,23536.919372558594,368.6015625,832.0,56160.0,0.014814814814814815,377448.0,20976.436630249023,416.33203125,65248.0,42656.0,1.5296324081020256,426324.0,7303.869125366211,441.24609375,1024.0,21440.0,0.04776119402985075,451836.0,-1.0,-1.0,-1.0,-1.0,-1.0,-1.0,BasketballPass,64,64
320.0,128.0,383.0,191.0,0.0,2900.929808616638,432.0615234375,46240.0,62816.0,0.7361181864493123,1769724.0,4278.484359741211,455.99609375,61344.0,9696.0,6.326732673267327,466940.0,1245.8529663085938,414.1484375,63200.0,15040.0,4.202127659574468,424088.0,442.75,434.0,62400.0,7712.0,8.091286307053942,444416.0,-1.0,-1.0,-1.0,-1.0,-1.0,-1.0,BasketballPass,64,64
0.0,0.0,63.0,63.0,1.0,4318.215704917908,545.4892578125,12544.0,31200.0,0.40205128205128204,2234324.0,898.5985717773438,552.5546875,5920.0,16512.0,0.35852713178294576,565816.0,7565.327011108398,536.61328125,9120.0,42976.0,0.2122114668652271,549492.0,7043.906600952148,526.17578125,59584.0,32128.0,1.8545816733067728,538804.0,-1.0,-1.0,-1.0,-1.0,-1.0,-1.0,BasketballPass,64,64
64.0,0.0,127.0,63.0,1.0,29559.830344200134,475.4189453125,448.0,15872.0,0.028225806451612902,1947316.0,1387.30859375,559.6875,63392.0,8704.0,7.283088235294118,573120.0,48531.250427246094,366.5859375,62016.0,9472.0,6.547297297297297,375384.0,29558.7098236084,447.61328125,8768.0,11616.0,0.7548209366391184,458356.0,-1.0,-1.0,-1.0,-1.0,-1.0,-1.0,BasketballPass,64,64
128.0,0.0,191.0,63.0,1.0,1304.1977071762085,549.2568359375,45248.0,54144.0,0.8356973995271868,2249756.0,2795.34375,551.5,61600.0,53792.0,1.1451516954193932,564736.0,388.37152099609375,553.3359375,62048.0,61056.0,1.0162473794549267,566616.0,1580.1713256835938,543.0234375,55680.0,65504.0,0.8500244259892525,556056.0,-1.0,-1.0,-1.0,-1.0,-1.0,-1.0,BasketballPass,64,64
192.0,0.0,255.0,63.0,1.0,3286.6727256774902,499.533203125,58112.0,7872.0,7.382113821138211,2046088.0,6595.363037109375,521.109375,1280.0,8000.0,0.16,533616.0,457.27183532714844,507.57421875,60576.0,2624.0,23.085365853658537,519756.0,3586.7718353271484,463.57421875,1504.0,50304.0,0.02989821882951654,474700.0,-1.0,-1.0,-1.0,-1.0,-1.0,-1.0,BasketballPass,64,64
256.0,0.0,319.0,63.0,1.0,11679.933895111084,479.861328125,63840.0,62624.0,1.0194174757281553,1965512.0,11212.456787109375,551.109375,224.0,58464.0,0.0038314176245210726,564336.0,13817.410095214844,432.2421875,64768.0,21696.0,2.9852507374631267,442616.0,11976.794860839844,460.1328125,2368.0,45120.0,0.0524822695035461,471176.0,-1.0,-1.0,-1.0,-1.0,-1.0,-1.0,BasketballPass,64,64
320.0,0.0,383.0,63.0,1.0,10222.457365989685,453.2958984375,16800.0,8864.0,1.8953068592057762,1856700.0,27411.99609375,498.3125,58048.0,19808.0,2.9305331179321485,510272.0,2940.7343139648438,435.0078125,45408.0,51136.0,0.8879849812265331,445448.0,2458.6558685302734,426.01953125,51424.0,14336.0,3.5870535714285716,436244.0,-1.0,-1.0,-1.0,-1.0,-1.0,-1.0,BasketballPass,64,64
0.0,64.0,63.0,127.0,1.0,14302.42565536499,403.216796875,62976.0,41952.0,1.5011441647597255,1651576.0,23169.6258392334,410.63671875,32352.0,40544.0,0.797947908445146,420492.0,9881.009140014648,406.55078125,61728.0,63872.0,0.9664328657314629,416308.0,9885.525817871094,385.2890625,320.0,48544.0,0.0065919578114700065,394536.0,-1.0,-1.0,-1.0,-1.0,-1.0,-1.0,BasketballPass,64,64
64.0,64.0,127.0,127.0,1.0,21601.168349266052,443.5244140625,29568.0,42304.0,0.6989409984871406,1816676.0,27384.796875,465.375,42496.0,3264.0,13.019607843137255,476544.0,14858.690856933594,436.7265625,32800.0,52512.0,0.6246191346739792,447208.0,14020.5,411.5,31904.0,59168.0,0.5392103839913467,421376.0,-1.0,-1.0,-1.0,-1.0,-1.0,-1.0,BasketballPass,64,64
128.0,64.0,191.0,127.0,1.0,1108.3903770446777,542.935546875,46784.0,47936.0,0.9759679572763685,2223864.0,946.6826019287109,547.37109375,61664.0,63680.0,0.9683417085427136,560508.0,1253.591552734375,541.953125,60800.0,57888.0,1.0503040353786623,554960.0,979.3475952148438,534.2421875,58976.0,54880.0,1.0746355685131195,547064.0,-1.0,-1.0,-1.0,-1.0,-1.0,-1.0,BasketballPass,64,64
192.0,64.0,255.0,127.0,1.0,3417.6420288085938,501.8515625,10528.0,3040.0,3.463157894736842,2055584.0,468.94102478027344,504.48046875,2368.0,10272.0,0.23052959501557632,516588.0,8893.496444702148,496.67578125,8320.0,53024.0,0.15691007845503924,508596.0,545.3874359130859,493.71484375,2432.0,63552.0,0.038267875125881166,505564.0,-1.0,-1.0,-1.0,-1.0,-1.0,-1.0,BasketballPass,64,64
256.0,64.0,319.0,127.0,1.0,25656.073042869568,441.9287109375,58240.0,59040.0,0.986449864498645,1810140.0,19269.90953063965,474.30078125,63776.0,39712.0,1.6059629331184528,485684.0,27482.100524902344,461.3203125,57920.0,9088.0,6.373239436619718,472392.0,23614.200424194336,385.77734375,63872.0,40256.0,1.5866454689984102,395036.0,-1.0,-1.0,-1.0,-1.0,-1.0,-1.0,BasketballPass,64,64
320.0,64.0,383.0,127.0,1.0,2254.478988647461,453.80859375,15168.0,608.0,24.94736842105263,1858800.0,2007.425521850586,453.58984375,55360.0,1696.0,32.64150943396226,464476.0,2321.853271484375,455.421875,51296.0,384.0,133.58333333333334,466352.0,2055.524154663086,452.78515625,54720.0,64544.0,0.8477937530986613,463652.0,-1.0,-1.0,-1.0,-1.0,-1.0,-1.0,BasketballPass,64,64
0.0,128.0,63.0,191.0,1.0,9647.482894897461,384.69140625,5824.0,62624.0,0.09299948901379662,1575696.0,9439.74609375,397.0625,59520.0,20320.0,2.9291338582677167,406592.0,10717.129745483398,382.86328125,47840.0,58336.0,0.8200767964893033,392052.0,5551.800888061523,354.20703125,53440.0,57952.0,0.9221424627277747,362708.0,-1.0,-1.0,-1.0,-1.0,-1.0,-1.0,BasketballPass,64,64
64.0,128.0,127.0,191.0,1.0,14809.077216148376,370.7294921875,48576.0,24256.0,2.0026385224274406,1518508.0,14802.601547241211,418.99609375,33984.0,58112.0,0.5848017621145375,429052.0,14306.052490234375,338.203125,22496.0,44000.0,0.5112727272727273,346320.0,9305.247802734375,337.953125,23520.0,416.0,56.53846153846154,346064.0,-1.0,-1.0,-1.0,-1.0,-1.0,-1.0,BasketballPass,64,64
128.0,128.0,191.0,191.0,1.0,2784.831527709961,497.06640625,47840.0,31264.0,1.5301944728761514,2035984.0,1195.12109375,538.9375,59104.0,5056.0,11.689873417721518,551872.0,2072.0878295898438,451.3828125,64000.0,18112.0,3.5335689045936394,462216.0,222.203125,462.625,62464.0,63200.0,0.9883544303797468,473728.0,-1.0,-1.0,-1.0,-1.0,-1.0,-1.0,BasketballPass,64,64
192.0,128.0,255.0,191.0,1.0,1142.7018394470215,466.267578125,64928.0,39456.0,1.645579886455799,1909832.0,471.74058532714844,492.42578125,2048.0,62208.0,0.03292181069958848,504244.0,932.3456420898438,441.1171875,62272.0,40224.0,1.5481304693715194,451704.0,120.18162536621094,441.24609375,65312.0,3232.0,20.207920792079207,451836.0,-1.0,-1.0,-1.0,-1.0,-1.0,-1.0,BasketballPass,64,64
256.0,128.0,319.0,191.0,1.0,20893.45043849945,396.6240234375,62720.0,63936.0,0.980980980980981,1624572.0,23877.809188842773,371.10546875,736.0,58976.0,0.012479652740097666,380012.0,21672.51890563965,415.69921875,65312.0,39104.0,1.6702127659574468,425676.0,7206.385726928711,441.37109375,928.0,20992.0,0.04420731707317073,451964.0,-1.0,-1.0,-1.0,-1.0,-1.0,-1.0,BasketballPass,64,64
320.0,128.0,383.0,191.0,1.0,2902.1523427963257,432.0009765625,46240.0,62528.0,0.7395087001023541,1769476.0,4272.160583496094,456.1640625,61280.0,9888.0,6.197411003236246,467112.0,1242.215316772461,414.05859375,63136.0,14688.0,4.298474945533769,423996.0,438.78160095214844,433.82421875,62624.0,7808.0,8.020491803278688,444236.0,-1.0,-1.0,-1.0,-1.0,-1.0,-1.0,BasketballPass,64,64
0.0,0.0,63.0,63.0,2.0,4462.266994476318,544.865234375,9472.0,26816.0,0.3532219570405728,2231768.0,896.1829681396484,552.69921875,5824.0,16768.0,0.3473282442748092,565964.0,7547.24609375,536.8125,9120.0,43104.0,0.21158129175946547,549696.0,7507.569320678711,523.12890625,56896.0,27552.0,2.065040650406504,535684.0,-1.0,-1.0,-1.0,-1.0,-1.0,-1.0,BasketballPass,64,64
64.0,0.0,127.0,63.0,2.0,29502.204283714294,476.9072265625,3616.0,25344.0,0.14267676767676768,1953412.0,1386.1067962646484,559.94921875,63584.0,8736.0,7.278388278388278,573388.0,48706.04539489746,367.69140625,61920.0,14688.0,4.215686274509804,376516.0,28945.62254333496,454.18359375,11712.0,19456.0,0.6019736842105263,465084.0,-1.0,-1.0,-1.0,-1.0,-1.0,-1.0,BasketballPass,64,64
128.0,0.0,191.0,63.0,2.0,1301.1122703552246,549.755859375,45504.0,53728.0,0.8469326980345444,2251800.0,2799.3226165771484,552.07421875,61824.0,53728.0,1.1506849315068493,565324.0,387.54759216308594,553.78515625,61984.0,61280.0,1.0114882506527416,567076.0,1565.7250366210938,543.5390625,55680.0,65280.0,0.8529411764705882,556584.0,-1.0,-1.0,-1.0,-1.0,-1.0,-1.0,BasketballPass,64,64
192.0,0.0,255.0,63.0,2.0,3304.596121788025,499.9033203125,58656.0,7552.0,7.766949152542373,2047604.0,6642.768981933594,521.7265625,1280.0,7936.0,0.16129032258064516,534248.0,450.80247497558594,507.83984375,60576.0,2752.0,22.011627906976745,520028.0,3600.462646484375,463.921875,1696.0,50272.0,0.03373647358370465,475056.0,-1.0,-1.0,-1.0,-1.0,-1.0,-1.0,BasketballPass,64,64
256.0,0.0,319.0,63.0,2.0,11619.617842674255,480.6337890625,63808.0,64384.0,0.9910536779324056,1968676.0,11180.357894897461,551.69140625,96.0,58752.0,0.0016339869281045752,564932.0,13650.188415527344,433.6953125,64800.0,21120.0,3.0681818181818183,444104.0,12013.917098999023,460.83203125,2336.0,47168.0,0.04952510176390773,471892.0,-1.0,-1.0,-1.0,-1.0,-1.0,-1.0,BasketballPass,64,64
320.0,0.0,383.0,63.0,2.0,10231.914882659912,453.849609375,16640.0,8960.0,1.8571428571428572,1858968.0,27426.692489624023,498.58203125,58112.0,20416.0,2.846394984326019,510548.0,2949.5189056396484,435.69921875,45280.0,51136.0,0.8854818523153942,446156.0,2451.464584350586,426.58984375,51296.0,13600.0,3.771764705882353,436828.0,-1.0,-1.0,-1.0,-1.0,-1.0,-1.0,BasketballPass,64,64
0.0,64.0,63.0,127.0,2.0,14623.246176719666,399.3876953125,21280.0,40096.0,0.5307262569832403,1635892.0,24179.830993652344,401.4296875,30272.0,36736.0,0.8240418118466899,411064.0,9365.006774902344,406.6796875,63104.0,63264.0,0.9974709155285787,416440.0,9758.734237670898,383.98828125,32.0,45024.0,0.0007107320540156361,393204.0,-1.0,-1.0,-1.0,-1.0,-1.0,-1.0,BasketballPass,64,64
64.0,64.0,127.0,127.0,2.0,21115.372009277344,457.4453125,1600.0,41344.0,0.03869969040247678,1873696.0,26285.844177246094,482.5859375,38752.0,3328.0,11.64423076923077,494168.0,14616.728454589844,452.3828125,31680.0,40640.0,0.7795275590551181,463240.0,14855.722412109375,418.609375,32256.0,192.0,168.0,428656.0,-1.0,-1.0,-1.0,-1.0,-1.0,-1.0,BasketballPass,64,64
128.0,64.0,191.0,127.0,2.0,1110.4541997909546,543.3076171875,46784.0,48032.0,0.9740173217854764,2225388.0,951.5038452148438,547.7578125,61632.0,63968.0,0.9634817408704353,560904.0,1257.384506225586,542.33984375,60768.0,57824.0,1.0509131156613172,555356.0,986.5765228271484,534.57421875,59104.0,54720.0,1.0801169590643276,547404.0,-1.0,-1.0,-1.0,-1.0,-1.0,-1.0,BasketballPass,64,64
192.0,64.0,255.0,127.0,2.0,3438.3775091171265,502.5205078125,10656.0,3264.0,3.264705882352941,2058324.0,471.05120849609375,504.8359375,2464.0,10080.0,0.24444444444444444,516952.0,8488.598373413086,496.71484375,6592.0,51712.0,0.12747524752475248,508636.0,546.1439819335938,493.7265625,2400.0,64416.0,0.037257824143070044,505576.0,-1.0,-1.0,-1.0,-1.0,-1.0,-1.0,BasketballPass,64,64
256.0,64.0,319.0,127.0,2.0,25341.55797958374,442.908203125,60064.0,58976.0,1.0184481823114486,1814152.0,19136.06932067871,475.12890625,63872.0,39552.0,1.6148867313915858,486532.0,26500.71484375,463.6875,60512.0,960.0,63.03333333333333,474816.0,24152.337020874023,385.91796875,63904.0,45952.0,1.3906685236768803,395180.0,-1.0,-1.0,-1.0,-1.0,-1.0,-1.0,BasketballPass,64,64
320.0,64.0,383.0,127.0,2.0,2260.032699584961,454.31640625,14624.0,416.0,35.15384615384615,1860880.0,2021.7496185302734,454.01953125,55296.0,1728.0,32.0,464916.0,2336.9047241210938,455.9609375,51168.0,160.0,319.8,466904.0,2054.0961303710938,453.2109375,54496.0,64512.0,0.8447420634920635,464088.0,-1.0,-1.0,-1.0,-1.0,-1.0,-1.0,BasketballPass,64,64
0.0,128.0,63.0,191.0,2.0,9423.788997650146,378.544921875,3456.0,57696.0,0.059900166389351084,1550520.0,9266.666488647461,395.80859375,58080.0,16352.0,3.551859099804305,405308.0,10252.177108764648,375.05078125,49056.0,62560.0,0.7841432225063939,384052.0,5469.169372558594,349.3984375,52768.0,55776.0,0.9460699942627654,357784.0,-1.0,-1.0,-1.0,-1.0,-1.0,-1.0,BasketballPass,64,64
64.0,128.0,127.0,191.0,2.0,15142.727291107178,380.814453125,50624.0,17472.0,2.8974358974358974,1559816.0,14289.8271484375,427.71875,34016.0,53920.0,0.6308605341246291,437984.0,15185.507186889648,348.19921875,22112.0,44192.0,0.500362056480811,356556.0,10351.225204467773,348.64453125,24064.0,63264.0,0.38037430450177034,357012.0,-1.0,-1.0,-1.0,-1.0,-1.0,-1.0,BasketballPass,64,64
128.0,128.0,191.0,191.0,2.0,2784.8934898376465,497.294921875,47616.0,31328.0,1.5199182839632277,2036920.0,1203.425537109375,539.109375,59104.0,5472.0,10.801169590643275,552048.0,2079.3505859375,451.84375,64128.0,18080.0,3.5469026548672566,462688.0,224.37109375,462.6875,62336.0,62976.0,0.9898373983739838,473792.0,-1.0,-1.0,-1.0,-1.0,-1.0,-1.0,BasketballPass,64,64
192.0,128.0,255.0,191.0,2.0,1142.6327514648438,466.4921875,65504.0,39328.0,1.6655817737998373,1910752.0,468.27061462402344,492.58203125,2240.0,62400.0,0.035897435897435895,504404.0,925.4892425537109,441.37890625,62304.0,40352.0,1.5440126883425853,451972.0,117.49888610839844,441.38671875,65376.0,2592.0,25.22222222222222,451980.0,-1.0,-1.0,-1.0,-1.0,-1.0,-1.0,BasketballPass,64,64
256.0,128.0,319.0,191.0,2.0,21187.261679649353,398.2998046875,62912.0,64768.0,0.9713438735177866,1631436.0,24232.401107788086,373.46484375,896.0,61984.0,0.014455343314403717,382428.0,22040.908309936523,415.45703125,65120.0,35488.0,1.8349864743011721,425428.0,7009.7880859375,442.15625,1120.0,21472.0,0.05216095380029806,452768.0,-1.0,-1.0,-1.0,-1.0,-1.0,-1.0,BasketballPass,64,64
320.0,128.0,383.0,191.0,2.0,2906.548583984375,432.421875,46432.0,62880.0,0.7384223918575064,1771200.0,4277.288513183594,456.5234375,61376.0,9792.0,6.26797385620915,467480.0,1245.6849975585938,414.3984375,63232.0,14976.0,4.222222222222222,424344.0,437.4443359375,434.15625,62528.0,7744.0,8.074380165289256,444576.0,-1.0,-1.0,-1.0,-1.0,-1.0,-1.0,BasketballPass,64,64
0.0,0.0,63.0,63.0,3.0,4644.463225364685,543.7041015625,6272.0,23264.0,0.2696011004126547,2227012.0,898.3000335693359,552.52734375,5568.0,16672.0,0.33397312859884837,565788.0,7552.154037475586,536.83984375,9280.0,42912.0,0.2162565249813572,549724.0,8038.584945678711,518.87109375,53920.0,23840.0,2.261744966442953,531324.0,-1.0,-1.0,-1.0,-1.0,-1.0,-1.0,BasketballPass,64,64
64.0,0.0,127.0,63.0,3.0,29549.881088256836,477.90234375,6976.0,33472.0,0.2084130019120459,1957488.0,1385.382568359375,559.765625,63680.0,8928.0,7.132616487455197,573200.0,48859.60679626465,367.94921875,61792.0,17920.0,3.4482142857142857,376780.0,28545.071228027344,460.8046875,15296.0,26848.0,0.5697258641239571,471864.0,-1.0,-1.0,-1.0,-1.0,-1.0,-1.0,BasketballPass,64,64
128.0,0.0,191.0,63.0,3.0,1304.6807165145874,549.6591796875,45344.0,54112.0,0.8379657007687759,2251404.0,2802.2967376708984,551.98828125,61728.0,53920.0,1.144807121661721,565236.0,391.85325622558594,553.66015625,62048.0,61056.0,1.0162473794549267,566948.0,1570.824203491211,543.49609375,55616.0,32.0,1738.0,556540.0,-1.0,-1.0,-1.0,-1.0,-1.0,-1.0,BasketballPass,64,64
192.0,0.0,255.0,63.0,3.0,3311.5993003845215,499.482421875,58496.0,7200.0,8.124444444444444,2045880.0,6653.735778808594,521.3515625,1312.0,6944.0,0.1889400921658986,533864.0,453.87982177734375,507.4453125,60608.0,2240.0,27.057142857142857,519624.0,3608.2719116210938,463.4609375,1600.0,50560.0,0.03164556962025317,474584.0,-1.0,-1.0,-1.0,-1.0,-1.0,-1.0,BasketballPass,64,64
256.0,0.0,319.0,63.0,3.0,11571.586044311523,480.29296875,63936.0,704.0,90.81818181818181,1967280.0,11230.755355834961,551.18359375,224.0,58752.0,0.003812636165577342,564412.0,13351.572204589844,434.3828125,64800.0,19744.0,3.282009724473258,444808.0,12157.322692871094,459.7109375,2400.0,50528.0,0.04749841671944269,470744.0,-1.0,-1.0,-1.0,-1.0,-1.0,-1.0,BasketballPass,64,64
320.0,0.0,383.0,63.0,3.0,10212.099060058594,453.1015625,16736.0,8480.0,1.9735849056603774,1855904.0,27368.713119506836,497.59765625,58176.0,20256.0,2.8720379146919433,509540.0,2924.562255859375,435.015625,45280.0,50880.0,0.889937106918239,445456.0,2453.3829193115234,425.70703125,51328.0,13344.0,3.8465227817745804,435924.0,-1.0,-1.0,-1.0,-1.0,-1.0,-1.0,BasketballPass,64,64
0.0,64.0,63.0,127.0,3.0,14622.311064720154,396.6103515625,38400.0,45920.0,0.8362369337979094,1624516.0,24407.316162109375,394.609375,40352.0,37056.0,1.0889464594127807,404080.0,9161.605895996094,403.6640625,64064.0,59968.0,1.0683030949839916,413352.0,9867.9755859375,382.84375,65120.0,50016.0,1.3019833653230966,392032.0,-1.0,-1.0,-1.0,-1.0,-1.0,-1.0,BasketballPass,64,64
64.0,64.0,127.0,127.0,3.0,21244.34426498413,470.728515625,59136.0,39040.0,1.5147540983606558,1928104.0,25712.679794311523,496.29296875,30784.0,608.0,50.63157894736842,508204.0,14710.9287109375,466.40625,30496.0,37472.0,0.8138343296327925,477600.0,16387.48045349121,432.50390625,32704.0,64960.0,0.503448275862069,442884.0,-1.0,-1.0,-1.0,-1.0,-1.0,-1.0,BasketballPass,64,64
128.0,64.0,191.0,127.0,3.0,1112.9415197372437,543.3154296875,47040.0,48192.0,0.9760956175298805,2225420.0,957.3134155273438,547.6953125,61568.0,64064.0,0.961038961038961,560840.0,1259.6796264648438,542.5078125,60864.0,58144.0,1.046780407264722,555528.0,985.4865570068359,534.59765625,59328.0,54656.0,1.085480093676815,547428.0,-1.0,-1.0,-1.0,-1.0,-1.0,-1.0,BasketballPass,64,64
192.0,64.0,255.0,127.0,3.0,3506.0760345458984,502.76171875,11904.0,3616.0,3.2920353982300883,2059312.0,467.10240173339844,504.36328125,2336.0,10368.0,0.22530864197530864,516468.0,8415.984130859375,497.484375,5376.0,48160.0,0.11162790697674418,509424.0,567.5854339599609,493.43359375,2528.0,1920.0,1.3166666666666667,505276.0,-1.0,-1.0,-1.0,-1.0,-1.0,-1.0,BasketballPass,64,64
256.0,64.0,319.0,127.0,3.0,25201.224349975586,443.83984375,60960.0,60704.0,1.0042171850289932,1817968.0,18853.390625,475.625,63840.0,39904.0,1.5998396150761829,487040.0,26269.525146484375,465.078125,62944.0,62240.0,1.0113110539845758,476240.0,24286.217025756836,386.90234375,63840.0,50656.0,1.2602653190145294,396188.0,-1.0,-1.0,-1.0,-1.0,-1.0,-1.0,BasketballPass,64,64
320.0,64.0,383.0,127.0,3.0,2244.05535030365,453.7216796875,14880.0,640.0,23.25,1858444.0,2006.5538177490234,453.33203125,55328.0,1888.0,29.305084745762713,464212.0,2320.6209564208984,455.51171875,51072.0,65472.0,0.7800586510263929,466444.0,2038.8555755615234,452.79296875,54592.0,64416.0,0.8474913065077,463660.0,-1.0,-1.0,-1.0,-1.0,-1.0,-1.0,BasketballPass,64,64
0.0,128.0,63.0,191.0,3.0,9244.925337791443,372.6962890625,3392.0,48640.0,0.06973684210526315,1526564.0,9247.701110839844,391.8671875,61024.0,5920.0,10.308108108108108,401272.0,9890.732177734375,368.546875,47104.0,65344.0,0.7208619000979432,377392.0,5552.162948608398,346.38671875,52800.0,52864.0,0.9987893462469734,354700.0,-1.0,-1.0,-1.0,-1.0,-1.0,-1.0,BasketballPass,64,64
64.0,128.0,127.0,191.0,3.0,15108.383872032166,390.8876953125,50208.0,22048.0,2.2772133526850507,1601076.0,13505.564437866211,434.24609375,31424.0,57312.0,0.5482970407593524,444668.0,15634.552963256836,357.90234375,24608.0,42784.0,0.575168287210172,366492.0,11029.809509277344,362.0546875,23744.0,63776.0,0.37230306071249375,370744.0,-1.0,-1.0,-1.0,-1.0,-1.0,-1.0,BasketballPass,64,64
128.0,128.0,191.0,191.0,3.0,2785.931453704834,497.486328125,47904.0,31232.0,1.533811475409836,2037704.0,1200.601318359375,539.234375,59168.0,5504.0,10.75,552176.0,2092.8573608398438,452.1328125,64160.0,17632.0,3.6388384754990923,462984.0,224.54942321777344,462.85546875,62400.0,63168.0,0.9878419452887538,473964.0,-1.0,-1.0,-1.0,-1.0,-1.0,-1.0,BasketballPass,64,64
192.0,128.0,255.0,191.0,3.0,1140.1748266220093,466.4560546875,0.0,39584.0,0.0,1910604.0,475.72251892089844,492.51171875,2080.0,62336.0,0.033367556468172486,504332.0,929.7670288085938,441.3515625,62432.0,40000.0,1.5608,451944.0,116.00775146484375,441.5078125,65440.0,3232.0,20.247524752475247,452104.0,-1.0,-1.0,-1.0,-1.0,-1.0,-1.0,BasketballPass,64,64
256.0,128.0,319.0,191.0,3.0,21482.58203792572,400.1767578125,62720.0,65472.0,0.9579667644183774,1639124.0,24585.79930114746,375.19140625,768.0,64768.0,0.011857707509881422,384196.0,22566.069763183594,416.5234375,65120.0,32352.0,2.0128585558852623,426520.0,6915.452575683594,442.9765625,1024.0,21984.0,0.046579330422125184,453608.0,-1.0,-1.0,-1.0,-1.0,-1.0,-1.0,BasketballPass,64,64
320.0,128.0,383.0,191.0,3.0,2879.4958181381226,432.0166015625,47072.0,62624.0,0.7516607051609606,1769540.0,4211.230941772461,455.94140625,61632.0,9472.0,6.506756756756757,466884.0,1238.027816772461,414.05859375,63360.0,14816.0,4.27645788336933,423996.0,434.19309997558594,433.83984375,62624.0,7648.0,8.188284518828452,444252.0,-1.0,-1.0,-1.0,-1.0,-1.0,-1.0,BasketballPass,64,64
0.0,0.0,127.0,31.0,0.0,4869.314968109131,552.228515625,3808.0,26368.0,0.14441747572815533,2261928.0,1430.9058685302734,546.01953125,1856.0,18624.0,0.09965635738831616,559124.0,719.812255859375,567.984375,832.0,13856.0,0.06004618937644342,581616.0,15592.677490234375,528.203125,64928.0,55456.0,1.170802077322562,540880.0,-1.0,-1.0,-1.0,-1.0,-1.0,-1.0,BasketballPass,128,32
128.0,0.0,255.0,31.0,0.0,2976.3196983337402,532.091796875,55456.0,14400.0,3.851111111111111,2179448.0,6920.284118652344,546.4296875,1856.0,4576.0,0.40559440559440557,559544.0,1105.703125,524.125,60128.0,0.0,0.0,536704.0,838.7792358398438,531.1328125,63264.0,11520.0,5.491666666666666,543880.0,-1.0,-1.0,-1.0,-1.0,-1.0,-1.0,BasketballPass,128,32
256.0,0.0,383.0,31.0,0.0,12706.365805625916,494.8623046875,46848.0,62944.0,0.7442806304016268,2026956.0,26789.769149780273,482.48046875,49664.0,38144.0,1.3020134228187918,494060.0,5076.447128295898,479.73828125,62080.0,52192.0,1.1894543225015328,491252.0,1688.150863647461,450.19140625,58432.0,24736.0,2.3622250970245795,460996.0,-1.0,-1.0,-1.0,-1.0,-1.0,-1.0,BasketballPass,128,32
0.0,32.0,127.0,63.0,0.0,27943.445464134216,468.7978515625,7296.0,23328.0,0.31275720164609055,1920196.0,36646.683044433594,471.2265625,1760.0,16416.0,0.10721247563352826,482536.0,23238.121032714844,493.7421875,448.0,47232.0,0.009485094850948509,505592.0,16779.040771484375,478.578125,1312.0,12960.0,0.10123456790123457,490064.0,-1.0,-1.0,-1.0,-1.0,-1.0,-1.0,BasketballPass,128,32
128.0,32.0,255.0,63.0,0.0,2724.8621788024902,517.033203125,44256.0,51296.0,0.8627573300062383,2117768.0,942.343505859375,528.984375,61312.0,1216.0,50.421052631578945,541680.0,4563.308349609375,504.359375,60896.0,59040.0,1.0314363143631435,516464.0,3728.803207397461,502.69140625,57568.0,53312.0,1.0798319327731092,514756.0,-1.0,-1.0,-1.0,-1.0,-1.0,-1.0,BasketballPass,128,32
256.0,32.0,383.0,63.0,0.0,7992.170349121094,438.0390625,32288.0,160.0,201.8,1794208.0,2040.9276733398438,459.6328125,57088.0,33312.0,1.7137367915465898,470664.0,8333.450927734375,431.546875,55136.0,30240.0,1.8232804232804234,441904.0,6419.612899780273,453.51953125,63840.0,17664.0,3.614130434782609,464404.0,-1.0,-1.0,-1.0,-1.0,-1.0,-1.0,BasketballPass,128,32
0.0,64.0,127.0,95.0,0.0,23138.411464691162,433.474609375,37952.0,57824.0,0.6563364692861096,1775512.0,23875.071029663086,433.21484375,288.0,14784.0,0.01948051948051948,443612.0,22346.262924194336,433.77734375,14752.0,26016.0,0.5670356703567035,444188.0,20563.398056030273,431.01953125,15296.0,47168.0,0.3242876526458616,441364.0,-1.0,-1.0,-1.0,-1.0,-1.0,-1.0,BasketballPass,128,32
128.0,64.0,255.0,95.0,0.0,1831.407455444336,527.72265625,42496.0,2016.0,21.07936507936508,2161552.0,1210.7645874023438,524.8203125,61056.0,608.0,100.42105263157895,537416.0,1223.7875366210938,531.5390625,61728.0,3776.0,16.347457627118644,544296.0,3764.8148803710938,527.2109375,54816.0,63360.0,0.8651515151515151,539864.0,-1.0,-1.0,-1.0,-1.0,-1.0,-1.0,BasketballPass,128,32
256.0,64.0,383.0,95.0,0.0,12905.27590084076,457.2060546875,41600.0,12992.0,3.2019704433497536,1872716.0,8144.709701538086,467.03515625,60704.0,48256.0,1.2579575596816976,478244.0,13349.986923217773,454.85546875,57024.0,1344.0,42.42857142857143,465772.0,16766.739852905273,445.73046875,62112.0,38240.0,1.6242677824267782,456428.0,-1.0,-1.0,-1.0,-1.0,-1.0,-1.0,BasketballPass,128,32
0.0,96.0,127.0,127.0,0.0,12185.593200683594,406.9765625,61376.0,31872.0,1.9257028112449799,1666976.0,13265.437255859375,413.984375,15200.0,43968.0,0.3457059679767103,423920.0,11333.828598022461,407.44140625,15712.0,45344.0,0.34650670430486946,417220.0,12219.632186889648,387.80078125,16320.0,57504.0,0.2838063439065108,397108.0,-1.0,-1.0,-1.0,-1.0,-1.0,-1.0,BasketballPass,128,32
128.0,96.0,255.0,127.0,0.0,3536.787474632263,516.8134765625,54976.0,43744.0,1.2567666422823702,2116868.0,5529.344467163086,520.21484375,2272.0,41056.0,0.05533904910366329,532700.0,1328.053207397461,514.69140625,61216.0,64.0,956.5,527044.0,1011.125,513.25,60736.0,54016.0,1.1244075829383886,525568.0,-1.0,-1.0,-1.0,-1.0,-1.0,-1.0,BasketballPass,128,32
256.0,96.0,383.0,127.0,0.0,14782.756934165955,438.3076171875,30368.0,35008.0,0.8674588665447898,1795308.0,17968.693115234375,452.296875,50464.0,11648.0,4.332417582417582,463152.0,13555.288818359375,425.765625,58816.0,34944.0,1.6831501831501832,435984.0,14105.353271484375,414.578125,59168.0,59936.0,0.98718633208756,424528.0,-1.0,-1.0,-1.0,-1.0,-1.0,-1.0,BasketballPass,128,32
0.0,128.0,127.0,159.0,0.0,12928.864546775818,401.1787109375,36896.0,60352.0,0.6113467656415694,1643228.0,12541.241149902344,404.3203125,13056.0,10464.0,1.2477064220183487,414024.0,13296.739990234375,401.203125,7968.0,1472.0,5.413043478260869,410832.0,14044.536972045898,394.23828125,1568.0,47456.0,0.033041132838840186,403700.0,-1.0,-1.0,-1.0,-1.0,-1.0,-1.0,BasketballPass,128,32
128.0,128.0,255.0,159.0,0.0,1352.194899559021,514.3193359375,49472.0,12320.0,4.015584415584415,2106652.0,1091.9407806396484,513.69921875,62240.0,61216.0,1.0167276529012024,526028.0,1306.2088470458984,511.76171875,62240.0,10720.0,5.8059701492537314,524044.0,1365.8694915771484,514.07421875,61312.0,8064.0,7.603174603174603,526412.0,-1.0,-1.0,-1.0,-1.0,-1.0,-1.0,BasketballPass,128,32
256.0,128.0,383.0,159.0,0.0,16189.3203125,401.125,48000.0,40000.0,1.2,1643008.0,15665.405136108398,414.61328125,61888.0,11072.0,5.589595375722543,424564.0,16456.017196655273,403.23046875,60288.0,51584.0,1.1687344913151365,412908.0,15814.861083984375,376.671875,56768.0,61024.0,0.9302569480859989,385712.0,-1.0,-1.0,-1.0,-1.0,-1.0,-1.0,BasketballPass,128,32
0.0,160.0,127.0,191.0,0.0,10079.2958984375,352.71875,15776.0,34304.0,0.45988805970149255,1444736.0,12626.513427734375,374.546875,2208.0,49216.0,0.044863459037711315,383536.0,9865.771957397461,341.30859375,5280.0,53376.0,0.09892086330935251,349500.0,4538.636657714844,348.7421875,5696.0,13248.0,0.42995169082125606,357112.0,-1.0,-1.0,-1.0,-1.0,-1.0,-1.0,BasketballPass,128,32
128.0,160.0,255.0,191.0,0.0,915.9649620056152,449.279296875,57440.0,62656.0,0.9167517875383044,1840248.0,2419.6884155273438,458.3046875,60480.0,42016.0,1.4394516374714394,469304.0,333.35345458984375,452.3828125,63776.0,1984.0,32.145161290322584,463240.0,240.17864990234375,451.6796875,63808.0,65344.0,0.9764936336924583,462520.0,-1.0,-1.0,-1.0,-1.0,-1.0,-1.0,BasketballPass,128,32
256.0,160.0,383.0,191.0,0.0,7624.63399887085,426.431640625,60896.0,21376.0,2.8488023952095807,1746664.0,15693.992172241211,392.99609375,63872.0,38080.0,1.677310924369748,402428.0,2454.3148803710938,441.2109375,64992.0,7488.0,8.679487179487179,451800.0,5292.811264038086,434.03515625,64096.0,28128.0,2.27872582480091,444452.0,-1.0,-1.0,-1.0,-1.0,-1.0,-1.0,BasketballPass,128,32
0.0,192.0,127.0,223.0,0.0,7942.771102905273,407.73046875,26752.0,33216.0,0.8053949903660886,1670064.0,4802.952575683594,360.9765625,5056.0,26272.0,0.19244823386114496,369640.0,4114.727890014648,445.44921875,7584.0,38400.0,0.1975,456140.0,12243.122055053711,387.62109375,7808.0,57568.0,0.1356309060589216,396924.0,-1.0,-1.0,-1.0,-1.0,-1.0,-1.0,BasketballPass,128,32
128.0,192.0,255.0,223.0,0.0,1346.5091466903687,461.5595703125,59264.0,19072.0,3.1073825503355703,1890548.0,532.103271484375,455.578125,63296.0,4832.0,13.099337748344372,466512.0,1621.4166107177734,461.85546875,160.0,59264.0,0.0026997840172786176,472940.0,1935.77734375,464.8125,63744.0,13376.0,4.76555023923445,475968.0,-1.0,-1.0,-1.0,-1.0,-1.0,-1.0,BasketballPass,128,32
256.0,192.0,383.0,223.0,0.0,7642.617519378662,425.224609375,1760.0,768.0,2.2916666666666665,1741720.0,11025.547302246094,398.4140625,63968.0,43488.0,1.4709345106696101,407976.0,2938.810043334961,446.18359375,61184.0,32448.0,1.8856015779092703,456892.0,3341.1669311523438,463.0703125,9920.0,5664.0,1.7514124293785311,474184.0,-1.0,-1.0,-1.0,-1.0,-1.0,-1.0,BasketballPass,128,32
0.0,0.0,127.0,31.0,1.0,5065.529700279236,551.6611328125,3872.0,26048.0,0.14864864864864866,2259604.0,1432.5565032958984,545.73828125,1824.0,18880.0,0.09661016949152543,558836.0,723.4069671630859,567.78515625,896.0,13376.0,0.06698564593301436,581412.0,16300.400329589844,526.6171875,64992.0,56160.0,1.1572649572649574,539256.0,-1.0,-1.0,-1.0,-1.0,-1.0,-1.0,BasketballPass,128,32
128.0,0.0,255.0,31.0,1.0,2975.7463521957397,531.9130859375,55072.0,14720.0,3.741304347826087,2178716.0,6899.009216308594,546.1484375,1728.0,4320.0,0.4,559256.0,1103.7412109375,523.90625,60128.0,65312.0,0.9206271435570799,536480.0,843.4578704833984,531.13671875,63040.0,11456.0,5.5027932960893855,543884.0,-1.0,-1.0,-1.0,-1.0,-1.0,-1.0,BasketballPass,128,32
256.0,0.0,383.0,31.0,1.0,12694.4587059021,494.806640625,46592.0,63168.0,0.7375886524822695,2026728.0,26804.137802124023,482.41796875,49632.0,38848.0,1.2775947281713345,493996.0,5048.490173339844,479.6328125,61920.0,52576.0,1.1777236762020693,491144.0,1700.095458984375,450.171875,58368.0,25408.0,2.297229219143577,460976.0,-1.0,-1.0,-1.0,-1.0,-1.0,-1.0,BasketballPass,128,32
0.0,32.0,127.0,63.0,1.0,27871.40184688568,469.2470703125,7072.0,29536.0,0.23943661971830985,1922036.0,36817.83018493652,470.54296875,1856.0,15904.0,0.11670020120724346,481836.0,23182.66453552246,495.55859375,256.0,38272.0,0.006688963210702341,507452.0,16355.853134155273,478.23046875,1312.0,20480.0,0.0640625,489708.0,-1.0,-1.0,-1.0,-1.0,-1.0,-1.0,BasketballPass,128,32
128.0,32.0,255.0,63.0,1.0,2738.3012657165527,516.876953125,44384.0,51104.0,0.8685034439574202,2117128.0,949.900146484375,528.921875,61376.0,896.0,68.5,541616.0,4602.434509277344,503.9453125,60896.0,58528.0,1.0404592673592128,516040.0,3719.761947631836,502.65234375,57632.0,53632.0,1.074582338902148,514716.0,-1.0,-1.0,-1.0,-1.0,-1.0,-1.0,BasketballPass,128,32
256.0,32.0,383.0,63.0,1.0,7967.150527000427,438.3505859375,32672.0,1472.0,22.195652173913043,1795484.0,1943.7460327148438,459.7421875,57120.0,35328.0,1.6168478260869565,470776.0,8292.588485717773,431.85546875,55392.0,30304.0,1.8278775079197465,442220.0,6472.911865234375,454.296875,63872.0,18624.0,3.429553264604811,465200.0,-1.0,-1.0,-1.0,-1.0,-1.0,-1.0,BasketballPass,128,32
0.0,64.0,127.0,95.0,1.0,23863.084316253662,436.724609375,37856.0,58240.0,0.65,1788824.0,25094.96434020996,437.93359375,320.0,11616.0,0.027548209366391185,448444.0,22708.216049194336,435.77734375,14816.0,25024.0,0.592071611253197,446236.0,20684.769287109375,435.109375,15136.0,51232.0,0.2954403497813866,445552.0,-1.0,-1.0,-1.0,-1.0,-1.0,-1.0,BasketballPass,128,32
128.0,64.0,255.0,95.0,1.0,1917.284912109375,528.140625,43840.0,4672.0,9.383561643835616,2163264.0,1224.1517181396484,524.69921875,61184.0,416.0,147.07692307692307,537292.0,1234.635971069336,531.52734375,61600.0,3648.0,16.885964912280702,544284.0,4076.708480834961,529.18359375,56256.0,1440.0,39.06666666666667,541884.0,-1.0,-1.0,-1.0,-1.0,-1.0,-1.0,BasketballPass,128,32
256.0,64.0,383.0,95.0,1.0,13001.556555747986,456.9111328125,41664.0,9792.0,4.254901960784314,1871508.0,8332.773300170898,466.98828125,60736.0,47488.0,1.278975741239892,478196.0,13442.821029663086,454.78515625,56864.0,1792.0,31.732142857142858,465700.0,16825.4990234375,444.96875,62240.0,35776.0,1.7397137745974955,455648.0,-1.0,-1.0,-1.0,-1.0,-1.0,-1.0,BasketballPass,128,32
0.0,96.0,127.0,127.0,1.0,12496.202849388123,410.0166015625,61952.0,23872.0,2.5951742627345844,1679428.0,13393.5771484375,422.21875,15296.0,43616.0,0.35069699192956716,432352.0,11155.702865600586,406.91015625,15840.0,54144.0,0.2925531914893617,416676.0,12948.797836303711,389.87890625,16544.0,53152.0,0.31125827814569534,399236.0,-1.0,-1.0,-1.0,-1.0,-1.0,-1.0,BasketballPass,128,32
128.0,96.0,255.0,127.0,1.0,3386.636745452881,516.646484375,54048.0,43392.0,1.2455752212389382,2116184.0,5340.953125,519.875,96.0,38208.0,0.002512562814070352,532352.0,1327.814208984375,514.828125,61248.0,65152.0,0.9400785854616895,527184.0,1016.7099456787109,513.12890625,60672.0,54240.0,1.1185840707964603,525444.0,-1.0,-1.0,-1.0,-1.0,-1.0,-1.0,BasketballPass,128,32
256.0,96.0,383.0,127.0,1.0,14816.028377532959,438.826171875,30272.0,36320.0,0.8334801762114538,1797432.0,18128.048934936523,453.45703125,51520.0,17152.0,3.003731343283582,464340.0,14046.101425170898,423.01171875,59008.0,48448.0,1.2179656538969617,433164.0,13840.813827514648,415.55078125,59168.0,59104.0,1.0010828370330265,425524.0,-1.0,-1.0,-1.0,-1.0,-1.0,-1.0,BasketballPass,128,32
0.0,128.0,127.0,159.0,1.0,13058.315070152283,402.1142578125,36960.0,54976.0,0.6722933643771828,1647060.0,12570.226318359375,407.765625,12960.0,9312.0,1.3917525773195876,417552.0,13394.744735717773,400.14453125,8032.0,65344.0,0.12291870714985309,409748.0,14184.544906616211,392.25390625,1760.0,46592.0,0.03777472527472527,401668.0,-1.0,-1.0,-1.0,-1.0,-1.0,-1.0,BasketballPass,128,32
128.0,128.0,255.0,159.0,1.0,1364.5668172836304,514.2412109375,49408.0,12064.0,4.095490716180372,2106332.0,1103.2196655273438,513.6953125,62368.0,61280.0,1.0177545691906005,526024.0,1325.534912109375,511.609375,62112.0,10176.0,6.10377358490566,523888.0,1373.0624389648438,513.9921875,61248.0,8064.0,7.595238095238095,526328.0,-1.0,-1.0,-1.0,-1.0,-1.0,-1.0,BasketballPass,128,32
256.0,128.0,383.0,159.0,1.0,16360.452011108398,402.38671875,48128.0,42560.0,1.130827067669173,1648176.0,15718.628662109375,415.609375,61952.0,12096.0,5.121693121693122,425584.0,16850.30015563965,404.30078125,60288.0,53344.0,1.1301739652069587,414004.0,15971.499450683594,377.9765625,56800.0,62176.0,0.9135357694287185,387048.0,-1.0,-1.0,-1.0,-1.0,-1.0,-1.0,BasketballPass,128,32
0.0,160.0,127.0,191.0,1.0,10304.6208152771,353.306640625,16064.0,33472.0,0.47992351816443596,1447144.0,12670.800537109375,373.109375,2336.0,48544.0,0.04812129202373105,382064.0,10479.909652709961,345.06640625,5248.0,52960.0,0.09909365558912386,353348.0,4507.1787109375,347.09375,5696.0,6976.0,0.8165137614678899,355424.0,-1.0,-1.0,-1.0,-1.0,-1.0,-1.0,BasketballPass,128,32
128.0,160.0,255.0,191.0,1.0,915.0910024642944,449.0927734375,57440.0,62592.0,0.9176891615541922,1839484.0,2419.7169036865234,457.95703125,60384.0,42112.0,1.4338905775075987,468948.0,330.53404235839844,452.11328125,63744.0,2048.0,31.125,462964.0,240.31634521484375,451.7578125,63968.0,64448.0,0.9925521350546177,462600.0,-1.0,-1.0,-1.0,-1.0,-1.0,-1.0,BasketballPass,128,32
256.0,160.0,383.0,191.0,1.0,7776.466659545898,426.23828125,60960.0,17312.0,3.521256931608133,1745872.0,16331.4599609375,391.90625,63872.0,29504.0,2.1648590021691976,401312.0,2451.154052734375,441.046875,65088.0,6592.0,9.87378640776699,451632.0,5198.696716308594,434.1484375,64064.0,28768.0,2.2269187986651837,444568.0,-1.0,-1.0,-1.0,-1.0,-1.0,-1.0,BasketballPass,128,32
0.0,192.0,127.0,223.0,1.0,8075.914214134216,407.2021484375,27296.0,31712.0,0.8607467204843592,1667900.0,4711.125961303711,359.87890625,5024.0,23424.0,0.21448087431693988,368516.0,4127.285095214844,445.7578125,7776.0,37536.0,0.2071611253196931,456456.0,12960.532165527344,388.3046875,8128.0,55616.0,0.14614499424626007,397624.0,-1.0,-1.0,-1.0,-1.0,-1.0,-1.0,BasketballPass,128,32
128.0,192.0,255.0,223.0,1.0,1369.6464233398438,461.6328125,58880.0,20992.0,2.8048780487804876,1890848.0,527.0782318115234,455.29296875,63424.0,4992.0,12.705128205128204,466220.0,1651.661849975586,461.83984375,65472.0,60128.0,1.0888770622671633,472924.0,1996.775146484375,465.921875,63584.0,14272.0,4.455156950672646,477104.0,-1.0,-1.0,-1.0,-1.0,-1.0,-1.0,BasketballPass,128,32
256.0,192.0,383.0,223.0,1.0,7687.282653808594,424.8515625,2624.0,65408.0,0.040117416829745595,1740192.0,11050.868270874023,397.91796875,64096.0,44480.0,1.4410071942446043,407468.0,2921.0658569335938,446.7265625,61376.0,31264.0,1.9631525076765608,457448.0,3320.9066009521484,462.17578125,10304.0,5088.0,2.0251572327044025,473268.0,-1.0,-1.0,-1.0,-1.0,-1.0,-1.0,BasketballPass,128,32
0.0,0.0,127.0,31.0,2.0,5326.73849105835,551.318359375,3936.0,24224.0,0.16248348745046234,2258200.0,1428.4683685302734,545.98046875,1856.0,19040.0,0.09747899159663866,559084.0,722.2873382568359,567.90234375,832.0,13728.0,0.06060606060606061,581532.0,17243.618392944336,524.72265625,64992.0,56768.0,1.144870349492672,537316.0,-1.0,-1.0,-1.0,-1.0,-1.0,-1.0,BasketballPass,128,32
128.0,0.0,255.0,31.0,2.0,2993.3692235946655,532.3876953125,55296.0,14432.0,3.8314855875831486,2180660.0,6944.96484375,546.8125,1760.0,3968.0,0.4435483870967742,559936.0,1110.0009155273438,524.3046875,60128.0,65440.0,0.9188264058679707,536888.0,853.9423217773438,531.4453125,63200.0,11424.0,5.5322128851540615,544200.0,-1.0,-1.0,-1.0,-1.0,-1.0,-1.0,BasketballPass,128,32
256.0,0.0,383.0,31.0,2.0,12704.363399505615,495.279296875,46688.0,62976.0,0.7413617886178862,2028664.0,26717.6083984375,482.78125,49504.0,38208.0,1.295644891122278,494368.0,5102.504257202148,480.32421875,61984.0,51840.0,1.195679012345679,491852.0,1687.5738372802734,450.51953125,58496.0,24224.0,2.4147952443857332,461332.0,-1.0,-1.0,-1.0,-1.0,-1.0,-1.0,BasketballPass,128,32
0.0,32.0,127.0,63.0,2.0,27677.364104270935,470.4541015625,7328.0,36672.0,0.19982547993019198,1926980.0,37116.8875579834,470.13671875,1920.0,19296.0,0.09950248756218906,481420.0,22622.674743652344,498.5703125,288.0,33440.0,0.00861244019138756,510536.0,16010.667907714844,478.7421875,1408.0,30752.0,0.045785639958376693,490232.0,-1.0,-1.0,-1.0,-1.0,-1.0,-1.0,BasketballPass,128,32
128.0,32.0,255.0,63.0,2.0,2740.727077484131,517.271484375,44224.0,50944.0,0.8680904522613065,2118744.0,949.5580444335938,529.2265625,61344.0,1600.0,38.34,541928.0,4582.103271484375,504.578125,60768.0,58912.0,1.0315046170559479,516688.0,3752.0956420898438,502.8828125,57632.0,53024.0,1.0869040434520216,514952.0,-1.0,-1.0,-1.0,-1.0,-1.0,-1.0,BasketballPass,128,32
256.0,32.0,383.0,63.0,2.0,7933.651701927185,439.2041015625,32640.0,2880.0,11.333333333333334,1798980.0,1738.7626342773438,461.0546875,57344.0,39968.0,1.4347477982385908,472120.0,8223.736267089844,432.1171875,55264.0,30592.0,1.8064853556485356,442488.0,6559.079040527344,455.3046875,63808.0,20352.0,3.1352201257861636,466232.0,-1.0,-1.0,-1.0,-1.0,-1.0,-1.0,BasketballPass,128,32
0.0,64.0,127.0,95.0,2.0,24326.645614624023,441.41796875,37728.0,61664.0,0.6118318629994811,1808048.0,26206.9208984375,443.21875,320.0,7360.0,0.043478260869565216,453856.0,22956.1787109375,439.40625,14752.0,27616.0,0.5341830822711472,449952.0,20586.125,442.25,15072.0,56352.0,0.2674616695059625,452864.0,-1.0,-1.0,-1.0,-1.0,-1.0,-1.0,BasketballPass,128,32
128.0,64.0,255.0,95.0,2.0,2011.1346502304077,528.9892578125,45632.0,9120.0,5.003508771929824,2166740.0,1228.592025756836,525.09765625,61184.0,736.0,83.1304347826087,537700.0,1234.2948608398438,531.8671875,61568.0,4416.0,13.942028985507246,544632.0,4437.480453491211,531.49609375,58048.0,5120.0,11.3375,544252.0,-1.0,-1.0,-1.0,-1.0,-1.0,-1.0,BasketballPass,128,32
256.0,64.0,383.0,95.0,2.0,12767.873106956482,457.5302734375,40800.0,7904.0,5.161943319838056,1874044.0,8340.054794311523,467.70703125,60704.0,46560.0,1.3037800687285224,478932.0,13265.489990234375,455.203125,56928.0,2336.0,24.36986301369863,466128.0,16182.415634155273,445.76953125,61408.0,33152.0,1.8523166023166022,456468.0,-1.0,-1.0,-1.0,-1.0,-1.0,-1.0,BasketballPass,128,32
0.0,96.0,127.0,127.0,2.0,12759.2398519516,415.4150390625,61728.0,14496.0,4.258278145695364,1701540.0,13334.566345214844,431.7578125,15296.0,42176.0,0.3626707132018209,442120.0,11594.127182006836,411.40234375,15808.0,61120.0,0.25863874345549737,421276.0,13415.477478027344,391.1953125,16416.0,55584.0,0.29533678756476683,400584.0,-1.0,-1.0,-1.0,-1.0,-1.0,-1.0,BasketballPass,128,32
128.0,96.0,255.0,127.0,2.0,3295.675208091736,516.8388671875,52064.0,42880.0,1.214179104477612,2116972.0,5264.838851928711,520.62890625,60768.0,33728.0,1.801707779886148,533124.0,1343.238754272461,514.94140625,61216.0,65408.0,0.9359099804305284,527300.0,1022.495849609375,513.359375,60640.0,54400.0,1.1147058823529412,525680.0,-1.0,-1.0,-1.0,-1.0,-1.0,-1.0,BasketballPass,128,32
256.0,96.0,383.0,127.0,2.0,14739.730788230896,439.6943359375,32608.0,38272.0,0.8520066889632107,1800988.0,17505.290466308594,453.8515625,55328.0,24576.0,2.2513020833333335,464744.0,14309.387802124023,422.41796875,58816.0,56640.0,1.038418079096045,432556.0,14144.932067871094,416.7109375,59136.0,55968.0,1.0566037735849056,426712.0,-1.0,-1.0,-1.0,-1.0,-1.0,-1.0,BasketballPass,128,32
0.0,128.0,127.0,159.0,2.0,12938.19010066986,404.0361328125,37184.0,43424.0,0.8563006632277081,1654932.0,12182.796127319336,412.02734375,12960.0,65344.0,0.19833496571988246,421916.0,13292.814315795898,400.73828125,8256.0,61696.0,0.1338174273858921,410356.0,14116.219711303711,391.87890625,1792.0,47712.0,0.03755868544600939,401284.0,-1.0,-1.0,-1.0,-1.0,-1.0,-1.0,BasketballPass,128,32
128.0,128.0,255.0,159.0,2.0,1365.965419769287,514.462890625,49376.0,12416.0,3.9768041237113403,2107240.0,1109.6864624023438,513.8203125,62368.0,61280.0,1.0177545691906005,526152.0,1313.3575286865234,511.95703125,62112.0,10304.0,6.027950310559007,524244.0,1386.239990234375,514.203125,61152.0,8352.0,7.32183908045977,526544.0,-1.0,-1.0,-1.0,-1.0,-1.0,-1.0,BasketballPass,128,32
256.0,128.0,383.0,159.0,2.0,16599.444274902344,404.1796875,48384.0,44960.0,1.0761565836298932,1655520.0,15910.59375,416.25,62048.0,13632.0,4.551643192488263,426240.0,17181.872497558594,406.3984375,60384.0,53312.0,1.1326530612244898,416152.0,16449.311630249023,380.33203125,56768.0,60864.0,0.9327024185068349,389460.0,-1.0,-1.0,-1.0,-1.0,-1.0,-1.0,BasketballPass,128,32
0.0,160.0,127.0,191.0,2.0,10444.42871761322,355.3232421875,16096.0,31968.0,0.5035035035035035,1455404.0,12568.975204467773,372.64453125,2400.0,46400.0,0.05172413793103448,381588.0,11020.393981933594,350.2734375,5248.0,54752.0,0.09585037989479836,358680.0,4797.150009155273,347.76953125,5696.0,63968.0,0.08904452226113056,356116.0,-1.0,-1.0,-1.0,-1.0,-1.0,-1.0,BasketballPass,128,32
128.0,160.0,255.0,191.0,2.0,914.4417572021484,449.32421875,57376.0,62400.0,0.9194871794871795,1840432.0,2420.9921264648438,458.5078125,60480.0,42336.0,1.4285714285714286,469512.0,328.04144287109375,452.2890625,63616.0,1728.0,36.81481481481482,463144.0,240.56321716308594,451.78515625,63872.0,64064.0,0.997002997002997,462628.0,-1.0,-1.0,-1.0,-1.0,-1.0,-1.0,BasketballPass,128,32
256.0,160.0,383.0,191.0,2.0,7826.487494468689,426.5419921875,61152.0,14784.0,4.136363636363637,1747116.0,16575.503356933594,390.7265625,64000.0,18528.0,3.454231433506045,400104.0,2466.3651733398438,441.6328125,64992.0,6016.0,10.803191489361701,452232.0,4988.694274902344,434.6796875,64160.0,30368.0,2.112750263435195,445112.0,-1.0,-1.0,-1.0,-1.0,-1.0,-1.0,BasketballPass,128,32
0.0,192.0,127.0,223.0,2.0,8089.872351646423,406.9736328125,26368.0,30528.0,0.8637316561844863,1666964.0,4703.752868652344,359.5703125,5024.0,19328.0,0.2599337748344371,368200.0,4304.001571655273,445.23046875,7840.0,33952.0,0.23091423185673893,455916.0,13098.27734375,390.1875,6976.0,52416.0,0.1330891330891331,399552.0,-1.0,-1.0,-1.0,-1.0,-1.0,-1.0,BasketballPass,128,32
128.0,192.0,255.0,223.0,2.0,1381.366171836853,461.7998046875,58432.0,22240.0,2.627338129496403,1891532.0,516.1762084960938,455.1640625,63328.0,4992.0,12.685897435897436,466088.0,1681.812255859375,462.015625,65344.0,61824.0,1.056935817805383,473104.0,2015.55859375,467.0625,63584.0,14336.0,4.435267857142857,478272.0,-1.0,-1.0,-1.0,-1.0,-1.0,-1.0,BasketballPass,128,32
256.0,192.0,383.0,223.0,2.0,7707.871578216553,424.876953125,2368.0,63200.0,0.03746835443037975,1740296.0,10789.226425170898,399.01171875,64032.0,44416.0,1.44164265129683,408588.0,2944.1708374023438,447.1796875,61344.0,30560.0,2.007329842931937,457912.0,3334.096908569336,461.47265625,10560.0,3872.0,2.727272727272727,472548.0,-1.0,-1.0,-1.0,-1.0,-1.0,-1.0,BasketballPass,128,32
0.0,0.0,127.0,31.0,3.0,5622.837795257568,550.490234375,3648.0,20288.0,0.17981072555205047,2254808.0,1430.1674194335938,545.7734375,1824.0,18656.0,0.09777015437392796,558872.0,721.6522827148438,567.7421875,800.0,13600.0,0.058823529411764705,581368.0,18282.27574157715,521.92578125,64864.0,57088.0,1.1362107623318385,534452.0,-1.0,-1.0,-1.0,-1.0,-1.0,-1.0,BasketballPass,128,32
128.0,0.0,255.0,31.0,3.0,3003.8317861557007,532.1259765625,55168.0,13952.0,3.9541284403669725,2179588.0,6963.013122558594,546.6015625,1728.0,3264.0,0.5294117647058824,559720.0,1123.881088256836,524.09765625,60192.0,128.0,470.25,536676.0,859.2377777099609,531.06640625,63072.0,11424.0,5.5210084033613445,543812.0,-1.0,-1.0,-1.0,-1.0,-1.0,-1.0,BasketballPass,128,32
256.0,0.0,383.0,31.0,3.0,12703.804556846619,494.6904296875,46592.0,62976.0,0.7398373983739838,2026252.0,26723.923767089844,482.1171875,49440.0,37472.0,1.3193851409052093,493688.0,5104.122009277344,480.0546875,62080.0,51680.0,1.2012383900928794,491576.0,1693.6194915771484,449.92578125,58368.0,24448.0,2.387434554973822,460724.0,-1.0,-1.0,-1.0,-1.0,-1.0,-1.0,BasketballPass,128,32
0.0,32.0,127.0,63.0,3.0,27586.324385643005,471.1162109375,7232.0,43840.0,0.16496350364963502,1929692.0,37434.183334350586,469.41015625,1760.0,23200.0,0.07586206896551724,480676.0,22175.46385192871,500.62890625,384.0,28800.0,0.013333333333333334,512644.0,15861.154052734375,479.046875,1344.0,40032.0,0.03357314148681055,490544.0,-1.0,-1.0,-1.0,-1.0,-1.0,-1.0,BasketballPass,128,32
128.0,32.0,255.0,63.0,3.0,2757.140380859375,517.015625,44096.0,51040.0,0.8639498432601881,2117696.0,956.5765991210938,529.0390625,61312.0,1024.0,59.875,541736.0,4568.8115234375,504.46875,60896.0,59104.0,1.0303194369247428,516576.0,3811.1365814208984,502.48828125,57440.0,53760.0,1.068452380952381,514548.0,-1.0,-1.0,-1.0,-1.0,-1.0,-1.0,BasketballPass,128,32
256.0,32.0,383.0,63.0,3.0,7882.332365989685,438.7041015625,32512.0,4064.0,8.0,1796932.0,1553.9449310302734,461.01953125,57248.0,45120.0,1.2687943262411348,472084.0,8223.15234375,430.4375,55136.0,32992.0,1.6711930164888458,440768.0,6664.507431030273,454.98046875,63968.0,22656.0,2.823446327683616,465900.0,-1.0,-1.0,-1.0,-1.0,-1.0,-1.0,BasketballPass,128,32
0.0,64.0,127.0,95.0,3.0,24790.593505859375,445.984375,37600.0,704.0,53.40909090909091,1826752.0,27259.827377319336,447.97265625,192.0,3168.0,0.06060606060606061,458724.0,23331.420639038086,444.03515625,14816.0,29504.0,0.5021691973969631,454692.0,20527.71875,449.0,15072.0,60672.0,0.24841772151898733,459776.0,-1.0,-1.0,-1.0,-1.0,-1.0,-1.0,BasketballPass,128,32
128.0,64.0,255.0,95.0,3.0,2087.207808494568,529.0712890625,47712.0,15392.0,3.0997920997921,2167076.0,1241.4300384521484,524.82421875,60960.0,960.0,63.5,537420.0,1239.3036499023438,531.6796875,61504.0,4032.0,15.253968253968255,544440.0,4708.888427734375,532.546875,60480.0,10176.0,5.943396226415095,545328.0,-1.0,-1.0,-1.0,-1.0,-1.0,-1.0,BasketballPass,128,32
256.0,64.0,383.0,95.0,3.0,12650.458889007568,457.490234375,39552.0,8576.0,4.611940298507463,1873880.0,8203.590682983398,467.86328125,60768.0,45824.0,1.3261173184357542,479092.0,13222.928207397461,454.69140625,56960.0,2080.0,27.384615384615383,465604.0,16040.02734375,446.3125,60032.0,33728.0,1.77988614800759,457024.0,-1.0,-1.0,-1.0,-1.0,-1.0,-1.0,BasketballPass,128,32
0.0,96.0,127.0,127.0,3.0,13519.497382164001,421.3544921875,61856.0,14976.0,4.130341880341881,1725868.0,13722.602966308594,438.1484375,15328.0,42080.0,0.36425855513307986,448664.0,11866.734375,416.375,15712.0,63872.0,0.24599198396793587,426368.0,15470.366439819336,398.97265625,16512.0,55648.0,0.29672225416906267,408548.0,-1.0,-1.0,-1.0,-1.0,-1.0,-1.0,BasketballPass,128,32
128.0,96.0,255.0,127.0,3.0,3281.3241844177246,517.005859375,50944.0,38528.0,1.3222591362126246,2117656.0,5390.9599609375,522.59375,56320.0,25952.0,2.1701602959309496,535136.0,1370.424057006836,514.59765625,61248.0,2496.0,24.53846153846154,526948.0,1029.210433959961,513.43359375,60704.0,54144.0,1.1211583924349882,525756.0,-1.0,-1.0,-1.0,-1.0,-1.0,-1.0,BasketballPass,128,32
256.0,96.0,383.0,127.0,3.0,14691.936324119568,440.0712890625,35104.0,42752.0,0.8211077844311377,1802532.0,17499.466735839844,452.8671875,60736.0,35744.0,1.6991942703670546,463736.0,14362.760192871094,421.7109375,58976.0,62720.0,0.9403061224489796,431832.0,14126.156005859375,417.984375,59136.0,55136.0,1.0725478816018572,428016.0,-1.0,-1.0,-1.0,-1.0,-1.0,-1.0,BasketballPass,128,32
0.0,128.0,127.0,159.0,3.0,12862.453426361084,404.861328125,37184.0,37856.0,0.9822485207100592,1658312.0,11719.489685058594,414.1015625,13056.0,56832.0,0.22972972972972974,424040.0,13327.609375,401.625,8224.0,56256.0,0.14618885096700796,411264.0,14153.117294311523,391.70703125,1728.0,52000.0,0.03323076923076923,401108.0,-1.0,-1.0,-1.0,-1.0,-1.0,-1.0,BasketballPass,128,32
128.0,128.0,255.0,159.0,3.0,1374.1519622802734,514.48046875,49088.0,12160.0,4.036842105263158,2107312.0,1105.1495208740234,513.91796875,62240.0,60896.0,1.022070415133999,526252.0,1320.0311889648438,511.9921875,61984.0,10240.0,6.053125,524280.0,1398.591293334961,514.18359375,61184.0,7712.0,7.933609958506224,526524.0,-1.0,-1.0,-1.0,-1.0,-1.0,-1.0,BasketballPass,128,32
256.0,128.0,383.0,159.0,3.0,16704.4833984375,405.34375,48576.0,47520.0,1.0222222222222221,1660288.0,16016.952011108398,416.61328125,61952.0,14816.0,4.181425485961123,426612.0,17304.255615234375,408.296875,60384.0,52992.0,1.1394927536231885,418096.0,16691.153259277344,381.9453125,56960.0,60608.0,0.9398099260823654,391112.0,-1.0,-1.0,-1.0,-1.0,-1.0,-1.0,BasketballPass,128,32
0.0,160.0,127.0,191.0,3.0,10591.930892944336,358.72265625,16160.0,33440.0,0.48325358851674644,1469328.0,12533.619369506836,373.59765625,2432.0,45440.0,0.05352112676056338,382564.0,11411.109130859375,356.484375,5216.0,56576.0,0.09219457013574661,365040.0,5283.357528686523,351.95703125,5760.0,58464.0,0.09852216748768473,360404.0,-1.0,-1.0,-1.0,-1.0,-1.0,-1.0,BasketballPass,128,32
128.0,160.0,255.0,191.0,3.0,919.6870260238647,449.4619140625,57280.0,62112.0,0.9222050489438434,1840996.0,2437.8712005615234,458.79296875,60288.0,41568.0,1.4503464203233256,469804.0,332.17808532714844,452.42578125,63648.0,2592.0,24.555555555555557,463284.0,236.12109375,451.9375,63904.0,64288.0,0.9940268790443006,462784.0,-1.0,-1.0,-1.0,-1.0,-1.0,-1.0,BasketballPass,128,32
256.0,160.0,383.0,191.0,3.0,7933.231288909912,426.849609375,61152.0,11648.0,5.25,1748376.0,16985.051208496094,391.1640625,63968.0,1920.0,33.31666666666667,400552.0,2562.341781616211,441.74609375,65152.0,5632.0,11.568181818181818,452348.0,4806.760681152344,435.0703125,64128.0,31072.0,2.063851699279094,445512.0,-1.0,-1.0,-1.0,-1.0,-1.0,-1.0,BasketballPass,128,32
0.0,192.0,127.0,223.0,3.0,8058.380423545837,407.0908203125,26688.0,31968.0,0.8348348348348348,1667444.0,4910.109848022461,360.55859375,4992.0,15424.0,0.3236514522821577,369212.0,4595.2646484375,444.28125,7872.0,33088.0,0.2379110251450677,454944.0,12713.515121459961,391.56640625,7168.0,49728.0,0.14414414414414414,400964.0,-1.0,-1.0,-1.0,-1.0,-1.0,-1.0,BasketballPass,128,32
128.0,192.0,255.0,223.0,3.0,1385.7435874938965,461.919921875,58560.0,23296.0,2.5137362637362637,1892024.0,508.859375,454.875,63328.0,4576.0,13.839160839160838,465792.0,1695.762924194336,462.22265625,65376.0,62080.0,1.0530927835051547,473316.0,2031.3407592773438,468.0546875,63584.0,14368.0,4.425389755011136,479288.0,-1.0,-1.0,-1.0,-1.0,-1.0,-1.0,BasketballPass,128,32
256.0,192.0,383.0,223.0,3.0,7703.814022064209,425.048828125,2720.0,61792.0,0.044018643190056966,1741000.0,10658.460693359375,399.734375,63872.0,43584.0,1.4654919236417034,409328.0,2988.140380859375,447.515625,61536.0,30432.0,2.0220820189274447,458256.0,3329.90234375,460.9375,10624.0,3616.0,2.938053097345133,472000.0,-1.0,-1.0,-1.0,-1.0,-1.0,-1.0,BasketballPass,128,32
0.0,0.0,31.0,127.0,0.0,13438.509078025818,479.1787109375,40160.0,30112.0,1.3336875664187036,1962716.0,832.0014495849609,558.68359375,6560.0,22272.0,0.29454022988505746,572092.0,20019.1865234375,422.46875,38432.0,6912.0,5.560185185185185,432608.0,8251.149032592773,399.39453125,57824.0,52096.0,1.1099508599508598,408980.0,-1.0,-1.0,-1.0,-1.0,-1.0,-1.0,BasketballPass,32,128
32.0,0.0,63.0,127.0,0.0,13504.310118675232,477.2802734375,2528.0,23936.0,0.10561497326203209,1954940.0,978.5733489990234,560.83203125,2176.0,6304.0,0.34517766497461927,574292.0,13211.452575683594,420.9765625,57920.0,54976.0,1.0535506402793946,431080.0,11864.172302246094,397.5859375,4640.0,57600.0,0.08055555555555556,407128.0,-1.0,-1.0,-1.0,-1.0,-1.0,-1.0,BasketballPass,32,128
64.0,0.0,95.0,127.0,0.0,25104.668697357178,362.185546875,31200.0,10976.0,2.8425655976676385,1483512.0,13826.2255859375,533.84375,48064.0,6784.0,7.084905660377358,546656.0,6789.514389038086,295.96484375,43552.0,56352.0,0.7728563316297559,303068.0,2273.3217163085938,325.8515625,9984.0,13920.0,0.7172413793103448,333672.0,-1.0,-1.0,-1.0,-1.0,-1.0,-1.0,BasketballPass,32,128
96.0,0.0,127.0,127.0,0.0,11092.454535484314,542.8330078125,31744.0,46208.0,0.6869806094182825,2223444.0,3375.7079467773438,555.5546875,9088.0,56544.0,0.16072439162422184,568888.0,7421.824081420898,594.48828125,40352.0,5120.0,7.88125,608756.0,10003.642929077148,505.07421875,50400.0,39328.0,1.2815296989422293,517196.0,-1.0,-1.0,-1.0,-1.0,-1.0,-1.0,BasketballPass,32,128
128.0,0.0,159.0,127.0,0.0,605.950927734375,555.296875,53216.0,37248.0,1.4286941580756014,2274496.0,1064.0756225585938,556.6015625,352.0,43584.0,0.008076358296622614,569960.0,397.93646240234375,557.8203125,60640.0,2528.0,23.9873417721519,571208.0,715.9778900146484,549.44921875,60384.0,52064.0,1.1598033189920098,562636.0,-1.0,-1.0,-1.0,-1.0,-1.0,-1.0,BasketballPass,32,128
160.0,0.0,191.0,127.0,0.0,1648.0757360458374,536.9091796875,39168.0,2208.0,17.73913043478261,2199180.0,2048.639389038086,544.03515625,57952.0,13504.0,4.291469194312796,557092.0,1458.722885131836,537.65234375,62912.0,832.0,75.61538461538461,550556.0,1292.314926147461,526.80859375,60320.0,56320.0,1.0710227272727273,539452.0,-1.0,-1.0,-1.0,-1.0,-1.0,-1.0,BasketballPass,32,128
192.0,0.0,223.0,127.0,0.0,1511.6611623764038,509.3603515625,9280.0,58112.0,0.15969162995594713,2086340.0,2248.4070892333984,514.63671875,62912.0,63264.0,0.9944360141628731,526988.0,483.63731384277344,518.89453125,5920.0,3904.0,1.5163934426229508,531348.0,341.35296630859375,510.1484375,6400.0,61216.0,0.10454783063251437,522392.0,-1.0,-1.0,-1.0,-1.0,-1.0,-1.0,BasketballPass,32,128
224.0,0.0,255.0,127.0,0.0,5104.799620628357,492.0947265625,62432.0,18144.0,3.440917107583774,2015620.0,5135.1787109375,513.09375,64576.0,25120.0,2.570700636942675,525408.0,2929.5385131835938,496.5234375,59584.0,60288.0,0.9883227176220807,508440.0,9294.547103881836,480.84765625,7104.0,5216.0,1.361963190184049,492388.0,-1.0,-1.0,-1.0,-1.0,-1.0,-1.0,BasketballPass,32,128
256.0,0.0,287.0,127.0,0.0,19340.357387542725,438.494140625,5440.0,55072.0,0.09877977919814061,1796072.0,6678.220565795898,520.73828125,64736.0,37824.0,1.7115059221658206,533236.0,17129.572021484375,424.421875,31104.0,25856.0,1.202970297029703,434608.0,23209.46484375,369.8125,17664.0,44704.0,0.39513242662848963,378688.0,-1.0,-1.0,-1.0,-1.0,-1.0,-1.0,BasketballPass,32,128
288.0,0.0,319.0,127.0,0.0,17668.05477809906,482.8291015625,60320.0,4032.0,14.96031746031746,1977668.0,9229.221908569336,506.52734375,63296.0,12320.0,5.137662337662338,518684.0,27149.8758392334,497.36328125,43680.0,51776.0,0.8436341161928307,509300.0,24955.6209564209,475.51171875,38720.0,55616.0,0.6962025316455697,486924.0,-1.0,-1.0,-1.0,-1.0,-1.0,-1.0,BasketballPass,32,128
320.0,0.0,351.0,127.0,0.0,3238.853018760681,474.2470703125,43072.0,1696.0,25.39622641509434,1942516.0,11440.059432983398,492.13671875,58464.0,4608.0,12.6875,503948.0,330.59544372558594,477.33984375,61824.0,65472.0,0.9442815249266863,488796.0,257.796875,468.625,61696.0,61760.0,0.9989637305699481,479872.0,-1.0,-1.0,-1.0,-1.0,-1.0,-1.0,BasketballPass,32,128
352.0,0.0,383.0,127.0,0.0,8391.274718284607,432.8447265625,49344.0,13216.0,3.7336561743341403,1772932.0,21452.779052734375,460.046875,50656.0,8192.0,6.18359375,471088.0,3161.6595306396484,429.69921875,45248.0,960.0,47.13333333333333,440012.0,3712.3271484375,439.28125,44000.0,4000.0,11.0,449824.0,-1.0,-1.0,-1.0,-1.0,-1.0,-1.0,BasketballPass,32,128
384.0,0.0,415.0,127.0,0.0,9705.230971336365,389.0380859375,5568.0,26464.0,0.21039903264812576,1593500.0,14034.395004272461,434.94140625,384.0,27904.0,0.013761467889908258,445380.0,9764.371200561523,402.79296875,25856.0,6368.0,4.060301507537688,412460.0,4238.971542358398,396.11328125,60032.0,55264.0,1.0862767805442965,405620.0,-1.0,-1.0,-1.0,-1.0,-1.0,-1.0,BasketballPass,32,128
0.0,0.0,31.0,127.0,1.0,13459.313948631287,479.0224609375,40000.0,30144.0,1.326963906581741,1962076.0,830.1208343505859,558.58984375,6656.0,22208.0,0.29971181556195964,571996.0,20034.8125,422.25,38112.0,7584.0,5.025316455696203,432384.0,8284.932601928711,399.37109375,58048.0,52096.0,1.1142506142506143,408956.0,-1.0,-1.0,-1.0,-1.0,-1.0,-1.0,BasketballPass,32,128
32.0,0.0,63.0,127.0,1.0,15238.446762084961,469.68359375,33568.0,20864.0,1.6088957055214723,1923824.0,982.415771484375,560.578125,2240.0,6304.0,0.3553299492385787,574032.0,16693.864486694336,398.77734375,28224.0,54016.0,0.5225118483412322,408348.0,11683.8115234375,392.46875,3744.0,59232.0,0.06320907617504051,401888.0,-1.0,-1.0,-1.0,-1.0,-1.0,-1.0,BasketballPass,32,128
64.0,0.0,95.0,127.0,1.0,25058.332027435303,362.998046875,37600.0,10848.0,3.466076696165192,1486840.0,15731.184799194336,528.22265625,53984.0,62976.0,0.8572154471544715,540900.0,8931.794677734375,317.546875,22880.0,60192.0,0.38011695906432746,325168.0,3176.2986907958984,329.26171875,15968.0,7456.0,2.1416309012875536,337164.0,-1.0,-1.0,-1.0,-1.0,-1.0,-1.0,BasketballPass,32,128
96.0,0.0,127.0,127.0,1.0,7996.973571777344,555.9453125,43904.0,50912.0,0.8623507228158391,2277152.0,1983.865219116211,559.25390625,4448.0,96.0,46.333333333333336,572676.0,4492.598007202148,608.32421875,54784.0,1984.0,27.612903225806452,622924.0,8027.444076538086,518.96484375,51232.0,36160.0,1.4168141592920354,531420.0,-1.0,-1.0,-1.0,-1.0,-1.0,-1.0,BasketballPass,32,128
128.0,0.0,159.0,127.0,1.0,602.8478384017944,555.4072265625,53216.0,37344.0,1.4250214224507283,2274948.0,1052.9003295898438,556.6171875,65504.0,43872.0,1.4930707512764405,569976.0,398.12498474121094,557.99609375,60960.0,2496.0,24.423076923076923,571388.0,711.822021484375,549.578125,60352.0,52064.0,1.1591886908420406,562768.0,-1.0,-1.0,-1.0,-1.0,-1.0,-1.0,BasketballPass,32,128
160.0,0.0,191.0,127.0,1.0,1656.328842163086,536.78515625,38528.0,2240.0,17.2,2198672.0,2058.5755462646484,544.05078125,57600.0,13408.0,4.2959427207637235,557108.0,1470.1419525146484,537.55078125,62944.0,960.0,65.56666666666666,550452.0,1287.2440795898438,526.6171875,60160.0,56608.0,1.0627473148671567,539256.0,-1.0,-1.0,-1.0,-1.0,-1.0,-1.0,BasketballPass,32,128
192.0,0.0,223.0,127.0,1.0,1508.3196020126343,509.0810546875,8672.0,58368.0,0.14857456140350878,2085196.0,2233.1742553710938,514.2109375,62400.0,63456.0,0.983358547655068,526552.0,481.98069763183594,518.65234375,5920.0,3904.0,1.5163934426229508,531100.0,339.2490234375,509.96875,6432.0,61216.0,0.10507056978567694,522208.0,-1.0,-1.0,-1.0,-1.0,-1.0,-1.0,BasketballPass,32,128
224.0,0.0,255.0,127.0,1.0,5057.942915916443,492.3037109375,62688.0,18112.0,3.46113074204947,2016476.0,5121.026794433594,512.7734375,64512.0,25056.0,2.574712643678161,525080.0,3362.2742767333984,498.36328125,60736.0,62848.0,0.9663951120162932,510324.0,8667.509521484375,480.421875,6336.0,4576.0,1.3846153846153846,491952.0,-1.0,-1.0,-1.0,-1.0,-1.0,-1.0,BasketballPass,32,128
256.0,0.0,287.0,127.0,1.0,19870.355902671814,436.6669921875,1664.0,53248.0,0.03125,1788588.0,6653.829528808594,520.6484375,64736.0,37472.0,1.7275832621690863,533144.0,17842.167709350586,420.58984375,27360.0,21536.0,1.2704309063893016,430684.0,23548.962341308594,368.8515625,18080.0,46848.0,0.3859289617486339,377704.0,-1.0,-1.0,-1.0,-1.0,-1.0,-1.0,BasketballPass,32,128
288.0,0.0,319.0,127.0,1.0,17011.098140716553,485.123046875,60928.0,5440.0,11.2,1987064.0,9245.853271484375,506.421875,63136.0,12448.0,5.071979434447301,518576.0,26326.014877319336,500.02734375,43168.0,52704.0,0.8190649666059502,512028.0,24417.12693786621,478.24609375,39872.0,54752.0,0.72822910578609,489724.0,-1.0,-1.0,-1.0,-1.0,-1.0,-1.0,BasketballPass,32,128
320.0,0.0,351.0,127.0,1.0,3241.469870567322,474.2314453125,43392.0,1632.0,26.58823529411765,1942452.0,11459.243896484375,492.078125,58240.0,4704.0,12.380952380952381,503888.0,330.75335693359375,477.2734375,61824.0,65504.0,0.9438202247191011,488728.0,256.63011169433594,468.77734375,62144.0,61792.0,1.005696530295184,480028.0,-1.0,-1.0,-1.0,-1.0,-1.0,-1.0,BasketballPass,32,128
352.0,0.0,383.0,127.0,1.0,8380.339351654053,432.873046875,49664.0,13504.0,3.677725118483412,1773048.0,21402.681396484375,460.078125,50496.0,8544.0,5.910112359550562,471120.0,3176.908187866211,429.75390625,45216.0,1120.0,40.371428571428574,440068.0,3693.5809936523438,439.4296875,44288.0,4000.0,11.072,449976.0,-1.0,-1.0,-1.0,-1.0,-1.0,-1.0,BasketballPass,32,128
384.0,0.0,415.0,127.0,1.0,9039.725326538086,393.03515625,50848.0,26656.0,1.9075630252100841,1609872.0,14022.299423217773,434.85546875,416.0,28256.0,0.014722536806342015,445292.0,6402.465270996094,413.3359375,55680.0,6336.0,8.787878787878787,423256.0,4855.360290527344,398.6953125,9536.0,48320.0,0.19735099337748344,408264.0,-1.0,-1.0,-1.0,-1.0,-1.0,-1.0,BasketballPass,32,128
0.0,0.0,31.0,127.0,2.0,13445.077255249023,479.33203125,39808.0,30304.0,1.313621964097149,1963344.0,830.4212493896484,558.80078125,6432.0,22368.0,0.2875536480686695,572212.0,19990.559020996094,422.6640625,38048.0,7488.0,5.081196581196581,432808.0,8298.388656616211,399.74609375,58176.0,52352.0,1.1112469437652812,409340.0,-1.0,-1.0,-1.0,-1.0,-1.0,-1.0,BasketballPass,32,128
32.0,0.0,63.0,127.0,2.0,16118.45272731781,464.9208984375,54656.0,16064.0,3.402390438247012,1904316.0,980.9833984375,560.71875,2112.0,6400.0,0.33,574176.0,18316.4833984375,384.21875,51264.0,56800.0,0.9025352112676056,393440.0,11043.868896484375,390.921875,4736.0,54400.0,0.08705882352941176,400304.0,-1.0,-1.0,-1.0,-1.0,-1.0,-1.0,BasketballPass,32,128
64.0,0.0,95.0,127.0,2.0,26823.8279876709,370.01171875,8416.0,13248.0,0.6352657004830918,1515568.0,17139.96971130371,523.87890625,61632.0,54944.0,1.1217239370995924,536452.0,17921.831481933594,355.7265625,35360.0,63232.0,0.5592105263157895,364264.0,4869.6005859375,335.65625,21824.0,63712.0,0.3425414364640884,343712.0,-1.0,-1.0,-1.0,-1.0,-1.0,-1.0,BasketballPass,32,128
96.0,0.0,127.0,127.0,2.0,5101.231497764587,564.3408203125,33952.0,57152.0,0.5940649496080627,2311540.0,1346.859375,561.875,60288.0,6048.0,9.968253968253968,575360.0,3982.27734375,603.0625,28288.0,65216.0,0.4337585868498528,617536.0,5237.184020996094,535.3359375,38144.0,40640.0,0.9385826771653544,548184.0,-1.0,-1.0,-1.0,-1.0,-1.0,-1.0,BasketballPass,32,128
128.0,0.0,159.0,127.0,2.0,605.5494651794434,555.927734375,53536.0,37152.0,1.4409991386735572,2277080.0,1061.954833984375,557.328125,352.0,43552.0,0.008082292432035268,570704.0,401.638427734375,558.453125,60864.0,2528.0,24.075949367088608,571856.0,711.3436126708984,549.98828125,60384.0,52128.0,1.1583793738489871,563188.0,-1.0,-1.0,-1.0,-1.0,-1.0,-1.0,BasketballPass,32,128
160.0,0.0,191.0,127.0,2.0,1650.2374334335327,537.1357421875,38912.0,2176.0,17.88235294117647,2200108.0,2048.002914428711,544.37109375,57952.0,13536.0,4.281323877068558,557436.0,1459.9813079833984,537.86328125,62816.0,928.0,67.6896551724138,550772.0,1296.8304290771484,526.92578125,60128.0,56384.0,1.0664018161180477,539572.0,-1.0,-1.0,-1.0,-1.0,-1.0,-1.0,BasketballPass,32,128
192.0,0.0,223.0,127.0,2.0,1517.0739660263062,509.3779296875,9728.0,58304.0,0.1668496158068057,2086412.0,2254.1815795898438,514.6171875,62976.0,63264.0,0.9954476479514416,526968.0,484.749755859375,518.984375,5984.0,3840.0,1.5583333333333333,531440.0,343.19671630859375,510.1484375,6560.0,61408.0,0.1068264721208963,522392.0,-1.0,-1.0,-1.0,-1.0,-1.0,-1.0,BasketballPass,32,128
224.0,0.0,255.0,127.0,2.0,5095.956877708435,493.0458984375,63072.0,18272.0,3.4518388791593697,2019516.0,5161.070068359375,513.234375,64480.0,25152.0,2.563613231552163,525552.0,3848.4443359375,500.65625,62592.0,1824.0,34.31578947368421,512672.0,8250.336044311523,480.29296875,4544.0,4032.0,1.126984126984127,491820.0,-1.0,-1.0,-1.0,-1.0,-1.0,-1.0,BasketballPass,32,128
256.0,0.0,287.0,127.0,2.0,20259.53600215912,435.1904296875,65088.0,52416.0,1.2417582417582418,1782540.0,6681.731384277344,520.9453125,64640.0,37888.0,1.7060810810810811,533448.0,18158.997009277344,417.9453125,23808.0,18272.0,1.3029772329246936,427976.0,23757.972763061523,367.79296875,19872.0,48832.0,0.4069462647444299,376620.0,-1.0,-1.0,-1.0,-1.0,-1.0,-1.0,BasketballPass,32,128
288.0,0.0,319.0,127.0,2.0,16000.196716308594,488.3515625,60672.0,6368.0,9.527638190954773,2000288.0,9213.80859375,507.0625,63008.0,12032.0,5.236702127659575,519232.0,24509.133895874023,504.08203125,42720.0,53920.0,0.7922848664688428,516180.0,23418.90234375,481.8125,42528.0,54944.0,0.7740244612696564,493376.0,-1.0,-1.0,-1.0,-1.0,-1.0,-1.0,BasketballPass,32,128
320.0,0.0,351.0,127.0,2.0,3244.1929779052734,474.73046875,43008.0,1888.0,22.779661016949152,1944496.0,11465.507308959961,492.56640625,58112.0,4832.0,12.026490066225165,504388.0,327.989990234375,477.796875,61856.0,224.0,276.14285714285717,489264.0,257.8271484375,469.21875,62048.0,61792.0,1.0041429311237702,480480.0,-1.0,-1.0,-1.0,-1.0,-1.0,-1.0,BasketballPass,32,128
352.0,0.0,383.0,127.0,2.0,8395.228267669678,433.435546875,49152.0,13184.0,3.7281553398058254,1775352.0,21444.845809936523,460.54296875,50528.0,8224.0,6.143968871595331,471596.0,3188.943115234375,430.296875,45024.0,1024.0,43.96875,440624.0,3708.716552734375,439.953125,44096.0,3776.0,11.677966101694915,450512.0,-1.0,-1.0,-1.0,-1.0,-1.0,-1.0,BasketballPass,32,128
384.0,0.0,415.0,127.0,2.0,8517.693294525146,388.044921875,32768.0,26144.0,1.2533659730722153,1589432.0,14054.926208496094,435.1640625,65440.0,27904.0,2.345183486238532,445608.0,5308.859313964844,398.9921875,24736.0,64512.0,0.3834325396825397,408568.0,4808.241317749023,389.33203125,21056.0,50720.0,0.41514195583596214,398676.0,-1.0,-1.0,-1.0,-1.0,-1.0,-1.0,BasketballPass,32,128
0.0,0.0,31.0,127.0,3.0,13430.027767181396,479.330078125,38944.0,30432.0,1.2797055730809674,1963336.0,835.7549896240234,558.58203125,6240.0,22432.0,0.2781740370898716,571988.0,20033.105087280273,422.51953125,37728.0,7616.0,4.953781512605042,432660.0,8293.384216308594,400.1484375,58112.0,52192.0,1.1134273451870018,409752.0,-1.0,-1.0,-1.0,-1.0,-1.0,-1.0,BasketballPass,32,128
32.0,0.0,63.0,127.0,3.0,16486.749755859375,460.984375,3520.0,18656.0,0.18867924528301888,1888192.0,983.3197631835938,560.5234375,1824.0,6272.0,0.29081632653061223,573976.0,18147.500427246094,377.4140625,2464.0,58528.0,0.04209950792782941,386472.0,10857.870849609375,386.359375,5280.0,56320.0,0.09375,395632.0,-1.0,-1.0,-1.0,-1.0,-1.0,-1.0,BasketballPass,32,128
64.0,0.0,95.0,127.0,3.0,29991.702513694763,379.6865234375,59648.0,17184.0,3.4711359404096833,1555196.0,18167.225814819336,520.97265625,1856.0,50656.0,0.03663929248262792,533476.0,28786.142517089844,391.8828125,40384.0,864.0,46.74074074074074,401288.0,6357.515625,345.125,31904.0,59040.0,0.5403794037940379,353408.0,-1.0,-1.0,-1.0,-1.0,-1.0,-1.0,BasketballPass,32,128
96.0,0.0,127.0,127.0,3.0,2918.994948387146,568.9443359375,61024.0,58912.0,1.0358500814774578,2330396.0,1337.8300170898438,561.8828125,58816.0,6464.0,9.099009900990099,575368.0,2660.219711303711,592.12109375,19392.0,64768.0,0.2994071146245059,606332.0,3546.047592163086,553.78515625,24672.0,44032.0,0.5603197674418605,567076.0,-1.0,-1.0,-1.0,-1.0,-1.0,-1.0,BasketballPass,32,128
128.0,0.0,159.0,127.0,3.0,604.0280418395996,555.943359375,53824.0,37408.0,1.438836612489307,2277144.0,1062.244125366211,557.24609375,160.0,43520.0,0.003676470588235294,570620.0,396.08294677734375,558.4453125,60800.0,2496.0,24.358974358974358,571848.0,711.7489624023438,550.1796875,60928.0,52256.0,1.1659522351500307,563384.0,-1.0,-1.0,-1.0,-1.0,-1.0,-1.0,BasketballPass,32,128
160.0,0.0,191.0,127.0,3.0,1654.8818359375,537.03125,39072.0,2304.0,16.958333333333332,2199680.0,2052.820068359375,544.234375,57760.0,13760.0,4.1976744186046515,557296.0,1473.5414428710938,537.7109375,63136.0,992.0,63.645161290322584,550616.0,1294.3304290771484,526.92578125,60288.0,56544.0,1.066213921901528,539572.0,-1.0,-1.0,-1.0,-1.0,-1.0,-1.0,BasketballPass,32,128
192.0,0.0,223.0,127.0,3.0,1516.5015783309937,509.0654296875,9728.0,57920.0,0.16795580110497238,2085132.0,2247.37109375,514.1875,62848.0,62720.0,1.0020408163265306,526528.0,482.54319763183594,518.65234375,5952.0,3936.0,1.5121951219512195,531100.0,340.62059020996094,510.06640625,6656.0,61408.0,0.10838978634705576,522308.0,-1.0,-1.0,-1.0,-1.0,-1.0,-1.0,BasketballPass,32,128
224.0,0.0,255.0,127.0,3.0,5180.356734275818,493.1787109375,64160.0,18176.0,3.5299295774647885,2020060.0,5181.363708496094,512.8359375,64512.0,25024.0,2.578005115089514,525144.0,4189.163513183594,501.4765625,65088.0,7968.0,8.168674698795181,513512.0,8224.399841308594,480.8515625,3296.0,64928.0,0.050763923114834894,492392.0,-1.0,-1.0,-1.0,-1.0,-1.0,-1.0,BasketballPass,32,128
256.0,0.0,287.0,127.0,3.0,20738.5758934021,433.193359375,416.0,52480.0,0.007926829268292683,1774360.0,6718.156677246094,520.5859375,64672.0,38688.0,1.671629445822994,533080.0,18847.863510131836,415.65234375,24032.0,16672.0,1.4414587332053743,425628.0,23980.070907592773,366.60546875,19840.0,52032.0,0.3813038130381304,375404.0,-1.0,-1.0,-1.0,-1.0,-1.0,-1.0,BasketballPass,32,128
288.0,0.0,319.0,127.0,3.0,15031.343990325928,490.939453125,54720.0,7872.0,6.951219512195122,2010888.0,9218.007751464844,506.4921875,63008.0,11488.0,5.484679665738161,518648.0,22832.300231933594,507.7265625,46048.0,56384.0,0.8166855845629966,519912.0,22578.296875,485.375,39584.0,56224.0,0.7040409789413773,497024.0,-1.0,-1.0,-1.0,-1.0,-1.0,-1.0,BasketballPass,32,128
320.0,0.0,351.0,127.0,3.0,3241.234359741211,474.00390625,42976.0,1600.0,26.86,1941520.0,11456.9755859375,491.84375,58048.0,4480.0,12.957142857142857,503648.0,326.84375,477.0,61856.0,32.0,1933.0,488448.0,256.745849609375,468.640625,61920.0,61696.0,1.0036307053941909,479888.0,-1.0,-1.0,-1.0,-1.0,-1.0,-1.0,BasketballPass,32,128
352.0,0.0,383.0,127.0,3.0,8367.027907371521,432.8193359375,49312.0,13408.0,3.6778042959427206,1772828.0,21389.552474975586,459.83984375,50528.0,8320.0,6.073076923076923,470876.0,3161.2315521240234,429.58203125,45312.0,1024.0,44.25,439892.0,3686.6058959960938,439.6640625,44192.0,3872.0,11.413223140495868,450216.0,-1.0,-1.0,-1.0,-1.0,-1.0,-1.0,BasketballPass,32,128
384.0,0.0,415.0,127.0,3.0,7722.328894615173,380.2236328125,26176.0,25792.0,1.0148883374689825,1557396.0,14019.040267944336,434.72265625,96.0,27616.0,0.0034762456546929316,445156.0,3651.531005859375,379.015625,23104.0,54464.0,0.42420681551116335,388112.0,3759.9130249023438,376.6796875,12032.0,58848.0,0.2044589450788472,385720.0,-1.0,-1.0,-1.0,-1.0,-1.0,-1.0,BasketballPass,32,128
